budget_id,owner_id,account_name,account_balance,account_type_id
1,1,Savings Account - 1,692.25,1
1,1,Auto Loan Account - 2,900.69,3
1,1,Savings Account - 3,774.08,2
1,1,Savings Account - 4,713.93,1
1,1,Auto Loan Account - 5,260,1
1,1,Checking Account - 6,315.49,1
1,1,Auto Loan Account - 7,160.24,1
1,1,Savings Account - 8,297.78,3
2,1,Auto Loan Account - 9,292.67,3
2,1,Personal Loan Account - 10,753.65,2
2,1,Investment Account - 11,903.54,1
2,1,Investment Account - 12,597.35,1
2,1,Money Market Account - 13,1.17,1
2,1,Home Loan Account - 14,230.89,2
2,1,Credit Card Account - 15,454.83,1
2,1,Savings Account - 16,621.95,3
3,1,Home Loan Account - 17,798.63,3
3,1,Investment Account - 18,731.91,3
3,1,Investment Account - 19,824.82,1
3,1,Credit Card Account - 20,134.59,2
3,1,Savings Account - 21,710.77,1
3,1,Home Loan Account - 22,178.73,2
3,1,Savings Account - 23,208.41,2
3,1,Money Market Account - 24,727.11,3
1,2,Checking Account - 25,100.51,2
1,2,Personal Loan Account - 26,562.88,2
1,2,Auto Loan Account - 27,385.64,1
1,2,Checking Account - 28,201.8,3
1,2,Personal Loan Account - 29,171.7,1
1,2,Money Market Account - 30,227.68,1
1,2,Checking Account - 31,874.78,1
1,2,Savings Account - 32,791.68,1
2,2,Auto Loan Account - 33,858.57,2
2,2,Home Loan Account - 34,878.43,2
2,2,Home Loan Account - 35,942.27,3
2,2,Investment Account - 36,869.69,3
2,2,Savings Account - 37,493.42,3
2,2,Credit Card Account - 38,757.37,2
2,2,Money Market Account - 39,547.77,1
2,2,Personal Loan Account - 40,55.33,3
3,2,Credit Card Account - 41,331.6,2
3,2,Money Market Account - 42,316.97,2
3,2,Auto Loan Account - 43,516.82,1
3,2,Personal Loan Account - 44,819.76,3
3,2,Money Market Account - 45,450.66,3
3,2,Home Loan Account - 46,665.67,1
3,2,Personal Loan Account - 47,492.81,2
3,2,Personal Loan Account - 48,258.01,3
4,2,Investment Account - 49,737.44,3
4,2,Savings Account - 50,739.8,2
4,2,Savings Account - 51,966.58,3
4,2,Home Loan Account - 52,609.24,1
4,2,Checking Account - 53,93.42,1
4,2,Savings Account - 54,671.79,1
4,2,Credit Card Account - 55,256.63,1
4,2,Credit Card Account - 56,44.6,2
5,2,Personal Loan Account - 57,2.81,2
5,2,Money Market Account - 58,711.48,3
5,2,Personal Loan Account - 59,753.74,3
5,2,Money Market Account - 60,665.43,1
5,2,Credit Card Account - 61,666.95,1
5,2,Credit Card Account - 62,110.14,1
5,2,Checking Account - 63,64.78,2
5,2,Savings Account - 64,115.88,1
6,2,Personal Loan Account - 65,843.88,1
6,2,Credit Card Account - 66,43.04,1
6,2,Investment Account - 67,344.62,3
6,2,Savings Account - 68,790.06,3
6,2,Savings Account - 69,619.42,1
6,2,Credit Card Account - 70,519.92,3
6,2,Auto Loan Account - 71,896.93,1
6,2,Home Loan Account - 72,273.49,3
1,3,Money Market Account - 73,582.23,3
1,3,Credit Card Account - 74,777.44,3
1,3,Credit Card Account - 75,198.94,3
1,3,Home Loan Account - 76,406.39,2
1,3,Home Loan Account - 77,526.43,2
1,3,Auto Loan Account - 78,339.85,3
1,3,Auto Loan Account - 79,349.6,1
1,3,Savings Account - 80,212.39,3
2,3,Money Market Account - 81,23.28,1
2,3,Money Market Account - 82,579.4,2
2,3,Personal Loan Account - 83,403.31,2
2,3,Checking Account - 84,900.72,3
2,3,Home Loan Account - 85,73.94,2
2,3,Home Loan Account - 86,620.88,2
2,3,Savings Account - 87,913.29,1
2,3,Savings Account - 88,90.36,1
3,3,Auto Loan Account - 89,422.06,1
3,3,Credit Card Account - 90,437.03,3
3,3,Savings Account - 91,22.02,1
3,3,Checking Account - 92,414.88,2
3,3,Savings Account - 93,796.27,3
3,3,Checking Account - 94,881.05,1
3,3,Checking Account - 95,545.97,1
3,3,Home Loan Account - 96,590.2,3
4,3,Savings Account - 97,241.92,1
4,3,Credit Card Account - 98,727.57,2
4,3,Investment Account - 99,484.39,2
4,3,Auto Loan Account - 100,774.21,1
4,3,Investment Account - 101,357.84,1
4,3,Auto Loan Account - 102,645.64,2
4,3,Investment Account - 103,565.3,2
4,3,Credit Card Account - 104,710.25,1
5,3,Money Market Account - 105,503.59,3
5,3,Investment Account - 106,904.72,3
5,3,Savings Account - 107,96.85,3
5,3,Investment Account - 108,938,1
5,3,Auto Loan Account - 109,403.79,1
5,3,Money Market Account - 110,471.08,1
5,3,Credit Card Account - 111,310.99,3
5,3,Checking Account - 112,433.86,2
6,3,Savings Account - 113,633.5,2
6,3,Credit Card Account - 114,187.84,2
6,3,Personal Loan Account - 115,523.02,2
6,3,Checking Account - 116,230.58,3
6,3,Home Loan Account - 117,998.47,2
6,3,Personal Loan Account - 118,242.4,2
6,3,Credit Card Account - 119,17.08,3
6,3,Auto Loan Account - 120,826.6,2
7,3,Home Loan Account - 121,990.22,1
7,3,Home Loan Account - 122,40.52,1
7,3,Investment Account - 123,953.05,1
7,3,Checking Account - 124,912.17,1
7,3,Auto Loan Account - 125,654.95,1
7,3,Credit Card Account - 126,8.37,1
7,3,Personal Loan Account - 127,714.65,3
7,3,Checking Account - 128,991.11,3
8,3,Investment Account - 129,214.89,2
8,3,Savings Account - 130,281.7,1
8,3,Money Market Account - 131,579.17,3
8,3,Checking Account - 132,106.3,1
8,3,Investment Account - 133,303.23,1
8,3,Checking Account - 134,933.31,2
8,3,Auto Loan Account - 135,236.07,2
8,3,Checking Account - 136,967.43,3
9,3,Money Market Account - 137,110.61,3
9,3,Credit Card Account - 138,836.62,3
9,3,Investment Account - 139,475.73,3
9,3,Home Loan Account - 140,569.09,3
9,3,Personal Loan Account - 141,308.31,3
9,3,Investment Account - 142,770.1,2
9,3,Investment Account - 143,864.7,1
9,3,Personal Loan Account - 144,196.24,3
1,4,Investment Account - 145,25.77,3
1,4,Auto Loan Account - 146,16.5,3
1,4,Money Market Account - 147,113.79,1
1,4,Checking Account - 148,770.57,2
1,4,Savings Account - 149,360.98,3
1,4,Checking Account - 150,733.97,1
1,4,Savings Account - 151,630.47,2
1,4,Home Loan Account - 152,21.29,1
2,4,Investment Account - 153,793.24,1
2,4,Money Market Account - 154,38.53,3
2,4,Investment Account - 155,597.88,3
2,4,Checking Account - 156,550.29,2
2,4,Home Loan Account - 157,208.48,1
2,4,Credit Card Account - 158,505.21,3
2,4,Credit Card Account - 159,486.15,1
2,4,Savings Account - 160,70,3
3,4,Savings Account - 161,600.95,2
3,4,Savings Account - 162,337.35,3
3,4,Home Loan Account - 163,868.74,1
3,4,Investment Account - 164,355.56,1
3,4,Auto Loan Account - 165,230.7,2
3,4,Money Market Account - 166,237.01,3
3,4,Savings Account - 167,527.86,3
3,4,Savings Account - 168,421.99,3
4,4,Savings Account - 169,384.1,1
4,4,Money Market Account - 170,116.13,3
4,4,Home Loan Account - 171,148.53,3
4,4,Money Market Account - 172,923.5,1
4,4,Auto Loan Account - 173,344.53,1
4,4,Savings Account - 174,464.65,1
4,4,Investment Account - 175,832.55,3
4,4,Personal Loan Account - 176,791.29,3
5,4,Home Loan Account - 177,934.07,1
5,4,Personal Loan Account - 178,349.13,2
5,4,Checking Account - 179,944.2,2
5,4,Money Market Account - 180,757.28,2
5,4,Investment Account - 181,167.43,1
5,4,Savings Account - 182,201.97,2
5,4,Personal Loan Account - 183,993.95,1
5,4,Checking Account - 184,172.96,2
6,4,Auto Loan Account - 185,407.29,2
6,4,Home Loan Account - 186,350.23,2
6,4,Home Loan Account - 187,214.62,1
6,4,Home Loan Account - 188,64.52,1
6,4,Checking Account - 189,772.44,3
6,4,Money Market Account - 190,387.39,1
6,4,Checking Account - 191,397.04,1
6,4,Home Loan Account - 192,595.53,2
7,4,Auto Loan Account - 193,826.24,1
7,4,Investment Account - 194,652.87,3
7,4,Money Market Account - 195,238.66,3
7,4,Investment Account - 196,179.72,3
7,4,Savings Account - 197,630.34,1
7,4,Auto Loan Account - 198,79.47,3
7,4,Checking Account - 199,873.8,2
7,4,Investment Account - 200,757.46,2
8,4,Personal Loan Account - 201,98.4,2
8,4,Money Market Account - 202,890.54,1
8,4,Savings Account - 203,821.82,3
8,4,Savings Account - 204,875.69,2
8,4,Money Market Account - 205,313.9,2
8,4,Money Market Account - 206,868.86,3
8,4,Checking Account - 207,31.31,2
8,4,Personal Loan Account - 208,555.41,3
9,4,Personal Loan Account - 209,78.24,1
9,4,Checking Account - 210,854.31,1
9,4,Checking Account - 211,518.5,2
9,4,Investment Account - 212,383.98,3
9,4,Home Loan Account - 213,332.41,3
9,4,Credit Card Account - 214,464.03,1
9,4,Savings Account - 215,907.83,1
9,4,Investment Account - 216,934.69,2
10,4,Investment Account - 217,204.53,1
10,4,Home Loan Account - 218,310.9,1
10,4,Savings Account - 219,132.85,1
10,4,Investment Account - 220,844.81,3
10,4,Auto Loan Account - 221,603.88,3
10,4,Checking Account - 222,651.34,2
10,4,Checking Account - 223,410.5,1
10,4,Money Market Account - 224,147.59,3
11,4,Checking Account - 225,608.22,1
11,4,Auto Loan Account - 226,624.87,3
11,4,Auto Loan Account - 227,747.43,2
11,4,Credit Card Account - 228,716.9,1
11,4,Checking Account - 229,693.05,2
11,4,Home Loan Account - 230,889.44,3
11,4,Checking Account - 231,459.9,1
11,4,Personal Loan Account - 232,145.13,1
12,4,Home Loan Account - 233,138.53,3
12,4,Money Market Account - 234,35.01,3
12,4,Money Market Account - 235,649.92,3
12,4,Investment Account - 236,808.71,1
12,4,Money Market Account - 237,438.45,1
12,4,Personal Loan Account - 238,867.12,3
12,4,Auto Loan Account - 239,74.3,1
12,4,Money Market Account - 240,764.83,1
1,5,Auto Loan Account - 241,216.21,2
1,5,Auto Loan Account - 242,164.34,3
1,5,Personal Loan Account - 243,715.64,3
1,5,Personal Loan Account - 244,644.64,3
1,5,Investment Account - 245,893.16,2
1,5,Credit Card Account - 246,394.79,1
1,5,Investment Account - 247,984.05,3
1,5,Money Market Account - 248,566.7,3
2,5,Credit Card Account - 249,132.08,2
2,5,Auto Loan Account - 250,115.73,3
2,5,Credit Card Account - 251,185.95,3
2,5,Investment Account - 252,690.93,2
2,5,Auto Loan Account - 253,67.69,1
2,5,Checking Account - 254,421.03,3
2,5,Savings Account - 255,506.52,3
2,5,Auto Loan Account - 256,717.03,2
3,5,Credit Card Account - 257,827.46,1
3,5,Credit Card Account - 258,28.53,3
3,5,Investment Account - 259,313.32,3
3,5,Savings Account - 260,645.08,3
3,5,Personal Loan Account - 261,207.71,1
3,5,Savings Account - 262,778.86,1
3,5,Home Loan Account - 263,476.05,3
3,5,Investment Account - 264,723.09,2
4,5,Auto Loan Account - 265,639.95,2
4,5,Money Market Account - 266,360.25,3
4,5,Checking Account - 267,978.81,3
4,5,Personal Loan Account - 268,304.8,1
4,5,Home Loan Account - 269,227.96,3
4,5,Investment Account - 270,917.06,3
4,5,Money Market Account - 271,502.13,1
4,5,Home Loan Account - 272,331.34,3
5,5,Auto Loan Account - 273,754.28,3
5,5,Savings Account - 274,57.24,3
5,5,Home Loan Account - 275,824.95,1
5,5,Checking Account - 276,102.56,3
5,5,Checking Account - 277,376.1,3
5,5,Home Loan Account - 278,569.19,2
5,5,Home Loan Account - 279,196.83,2
5,5,Personal Loan Account - 280,545.3,1
6,5,Investment Account - 281,368.34,3
6,5,Money Market Account - 282,914.22,1
6,5,Auto Loan Account - 283,391.44,3
6,5,Home Loan Account - 284,650.88,3
6,5,Home Loan Account - 285,904.84,3
6,5,Investment Account - 286,985.7,3
6,5,Personal Loan Account - 287,538,1
6,5,Personal Loan Account - 288,509.3,1
7,5,Home Loan Account - 289,472.94,1
7,5,Savings Account - 290,605.11,2
7,5,Auto Loan Account - 291,704.05,1
7,5,Money Market Account - 292,604.77,1
7,5,Auto Loan Account - 293,669.15,2
7,5,Investment Account - 294,42.66,3
7,5,Savings Account - 295,60.52,2
7,5,Money Market Account - 296,131.3,3
8,5,Auto Loan Account - 297,340.1,1
8,5,Credit Card Account - 298,978.32,2
8,5,Checking Account - 299,416.19,2
8,5,Credit Card Account - 300,575.87,3
8,5,Money Market Account - 301,710.44,1
8,5,Credit Card Account - 302,115.98,3
8,5,Money Market Account - 303,621.79,3
8,5,Auto Loan Account - 304,627.55,3
9,5,Checking Account - 305,618.31,3
9,5,Auto Loan Account - 306,19.81,2
9,5,Investment Account - 307,691.72,3
9,5,Personal Loan Account - 308,846.05,2
9,5,Home Loan Account - 309,813.61,3
9,5,Money Market Account - 310,955.45,3
9,5,Personal Loan Account - 311,276.64,2
9,5,Home Loan Account - 312,775.45,1
10,5,Investment Account - 313,406.36,2
10,5,Auto Loan Account - 314,337.99,3
10,5,Home Loan Account - 315,345.18,3
10,5,Checking Account - 316,206.21,2
10,5,Credit Card Account - 317,441.76,2
10,5,Checking Account - 318,564.57,3
10,5,Savings Account - 319,156.53,1
10,5,Money Market Account - 320,847.4,2
11,5,Personal Loan Account - 321,350.74,1
11,5,Personal Loan Account - 322,645.99,3
11,5,Savings Account - 323,726.02,2
11,5,Credit Card Account - 324,136.81,2
11,5,Personal Loan Account - 325,232.44,1
11,5,Personal Loan Account - 326,142.87,3
11,5,Money Market Account - 327,695.99,3
11,5,Savings Account - 328,614.57,1
12,5,Money Market Account - 329,239.82,2
12,5,Money Market Account - 330,232.27,3
12,5,Credit Card Account - 331,129.73,3
12,5,Auto Loan Account - 332,254.59,2
12,5,Money Market Account - 333,653.88,2
12,5,Credit Card Account - 334,420.44,2
12,5,Personal Loan Account - 335,741.35,3
12,5,Investment Account - 336,435.23,1
13,5,Home Loan Account - 337,840.5,2
13,5,Investment Account - 338,316.21,3
13,5,Credit Card Account - 339,907.67,3
13,5,Home Loan Account - 340,360.07,3
13,5,Checking Account - 341,929.75,1
13,5,Personal Loan Account - 342,871.27,1
13,5,Auto Loan Account - 343,220.28,3
13,5,Money Market Account - 344,137.18,2
14,5,Investment Account - 345,61.69,2
14,5,Savings Account - 346,538.32,2
14,5,Savings Account - 347,310.05,3
14,5,Investment Account - 348,579.47,2
14,5,Investment Account - 349,799.25,1
14,5,Money Market Account - 350,681.79,3
14,5,Investment Account - 351,603.82,2
14,5,Auto Loan Account - 352,611.12,1
15,5,Investment Account - 353,396.4,1
15,5,Personal Loan Account - 354,114.6,2
15,5,Savings Account - 355,815.85,1
15,5,Checking Account - 356,415.85,1
15,5,Checking Account - 357,808.42,3
15,5,Investment Account - 358,105.17,2
15,5,Auto Loan Account - 359,24.31,3
15,5,Auto Loan Account - 360,630.1,1
1,6,Auto Loan Account - 361,614.21,2
1,6,Auto Loan Account - 362,703.29,3
1,6,Investment Account - 363,92.53,1
1,6,Auto Loan Account - 364,15.65,2
1,6,Personal Loan Account - 365,919.68,2
1,6,Auto Loan Account - 366,241.1,1
1,6,Money Market Account - 367,984.25,2
1,6,Savings Account - 368,865.4,3
2,6,Personal Loan Account - 369,577.76,2
2,6,Home Loan Account - 370,147.84,2
2,6,Investment Account - 371,37.01,2
2,6,Credit Card Account - 372,299.66,2
2,6,Credit Card Account - 373,657.08,3
2,6,Auto Loan Account - 374,768.57,2
2,6,Credit Card Account - 375,221.4,3
2,6,Auto Loan Account - 376,865.31,1
3,6,Home Loan Account - 377,852.45,2
3,6,Investment Account - 378,153.78,2
3,6,Credit Card Account - 379,449.23,2
3,6,Auto Loan Account - 380,742.31,2
3,6,Checking Account - 381,35.65,1
3,6,Home Loan Account - 382,320.4,1
3,6,Home Loan Account - 383,692.12,1
3,6,Money Market Account - 384,225.82,1
4,6,Money Market Account - 385,829.08,1
4,6,Auto Loan Account - 386,482.88,2
4,6,Personal Loan Account - 387,472.46,3
4,6,Auto Loan Account - 388,264.57,3
4,6,Home Loan Account - 389,155.37,2
4,6,Checking Account - 390,503.18,2
4,6,Checking Account - 391,904.98,3
4,6,Home Loan Account - 392,49.23,2
5,6,Credit Card Account - 393,193,2
5,6,Auto Loan Account - 394,101.92,1
5,6,Auto Loan Account - 395,283.6,2
5,6,Investment Account - 396,862.27,1
5,6,Money Market Account - 397,74,3
5,6,Money Market Account - 398,507.42,3
5,6,Money Market Account - 399,157.69,2
5,6,Credit Card Account - 400,645.89,3
6,6,Investment Account - 401,562.66,3
6,6,Money Market Account - 402,820.03,2
6,6,Credit Card Account - 403,492.68,2
6,6,Savings Account - 404,440.32,1
6,6,Investment Account - 405,578.11,3
6,6,Money Market Account - 406,108.78,3
6,6,Credit Card Account - 407,494.36,3
6,6,Personal Loan Account - 408,658.96,2
7,6,Credit Card Account - 409,676.62,1
7,6,Auto Loan Account - 410,111.86,3
7,6,Checking Account - 411,135.12,2
7,6,Checking Account - 412,294.58,3
7,6,Home Loan Account - 413,1.23,2
7,6,Credit Card Account - 414,250.61,1
7,6,Home Loan Account - 415,360.68,3
7,6,Savings Account - 416,136.59,3
8,6,Money Market Account - 417,291.03,2
8,6,Home Loan Account - 418,78.81,2
8,6,Credit Card Account - 419,271.64,2
8,6,Checking Account - 420,384.8,1
8,6,Home Loan Account - 421,910.74,1
8,6,Auto Loan Account - 422,734.99,1
8,6,Investment Account - 423,183.57,1
8,6,Investment Account - 424,196.7,1
9,6,Auto Loan Account - 425,684.57,3
9,6,Money Market Account - 426,808.28,2
9,6,Investment Account - 427,302.86,1
9,6,Investment Account - 428,848.72,1
9,6,Credit Card Account - 429,17.2,3
9,6,Investment Account - 430,442.16,1
9,6,Home Loan Account - 431,142.99,2
9,6,Personal Loan Account - 432,911.3,1
10,6,Checking Account - 433,137.45,3
10,6,Investment Account - 434,694.1,2
10,6,Home Loan Account - 435,600.93,1
10,6,Savings Account - 436,4.52,2
10,6,Credit Card Account - 437,297.58,1
10,6,Personal Loan Account - 438,82.59,3
10,6,Checking Account - 439,607.39,3
10,6,Auto Loan Account - 440,601.96,3
11,6,Home Loan Account - 441,523.48,3
11,6,Personal Loan Account - 442,774.18,3
11,6,Home Loan Account - 443,953.66,1
11,6,Savings Account - 444,933.67,3
11,6,Auto Loan Account - 445,718.53,3
11,6,Investment Account - 446,460.88,3
11,6,Home Loan Account - 447,188.03,2
11,6,Savings Account - 448,523.77,3
12,6,Auto Loan Account - 449,640.29,2
12,6,Home Loan Account - 450,395.59,3
12,6,Credit Card Account - 451,21.64,3
12,6,Auto Loan Account - 452,327.33,1
12,6,Savings Account - 453,418.13,2
12,6,Money Market Account - 454,467.23,3
12,6,Auto Loan Account - 455,32.34,1
12,6,Auto Loan Account - 456,917.34,3
13,6,Investment Account - 457,116.61,1
13,6,Checking Account - 458,554.07,3
13,6,Personal Loan Account - 459,900.57,2
13,6,Home Loan Account - 460,891.02,1
13,6,Savings Account - 461,932.65,1
13,6,Personal Loan Account - 462,286.85,1
13,6,Savings Account - 463,897.11,2
13,6,Credit Card Account - 464,510.36,3
14,6,Home Loan Account - 465,811.49,1
14,6,Personal Loan Account - 466,565.53,3
14,6,Checking Account - 467,804.8,3
14,6,Investment Account - 468,552.85,2
14,6,Money Market Account - 469,959.37,2
14,6,Money Market Account - 470,958.33,1
14,6,Auto Loan Account - 471,551.63,2
14,6,Savings Account - 472,64.03,2
15,6,Checking Account - 473,101.42,1
15,6,Checking Account - 474,761.76,2
15,6,Auto Loan Account - 475,718.82,3
15,6,Money Market Account - 476,727.38,2
15,6,Investment Account - 477,831.26,1
15,6,Personal Loan Account - 478,728.49,3
15,6,Money Market Account - 479,477.06,2
15,6,Personal Loan Account - 480,971.95,3
16,6,Money Market Account - 481,588.64,1
16,6,Savings Account - 482,74.93,1
16,6,Home Loan Account - 483,298.26,1
16,6,Home Loan Account - 484,676.34,2
16,6,Personal Loan Account - 485,553.42,3
16,6,Personal Loan Account - 486,985.84,3
16,6,Money Market Account - 487,419.37,2
16,6,Checking Account - 488,129.01,1
17,6,Home Loan Account - 489,414.27,2
17,6,Personal Loan Account - 490,232.36,1
17,6,Home Loan Account - 491,85.91,2
17,6,Investment Account - 492,439.28,1
17,6,Checking Account - 493,5.31,3
17,6,Personal Loan Account - 494,226.35,2
17,6,Checking Account - 495,859.87,2
17,6,Home Loan Account - 496,934.74,3
18,6,Personal Loan Account - 497,604.98,1
18,6,Home Loan Account - 498,571.35,1
18,6,Home Loan Account - 499,278.38,3
18,6,Personal Loan Account - 500,920.15,2
18,6,Credit Card Account - 501,229.28,1
18,6,Investment Account - 502,780.81,2
18,6,Auto Loan Account - 503,353.04,2
18,6,Credit Card Account - 504,747.57,2
1,7,Checking Account - 505,897.88,2
1,7,Money Market Account - 506,559.55,1
1,7,Checking Account - 507,246.46,1
1,7,Money Market Account - 508,652.05,2
1,7,Investment Account - 509,406.01,2
1,7,Auto Loan Account - 510,54.75,1
1,7,Home Loan Account - 511,74.78,2
1,7,Money Market Account - 512,447.92,3
2,7,Home Loan Account - 513,18.03,2
2,7,Personal Loan Account - 514,151.62,2
2,7,Savings Account - 515,64.5,2
2,7,Personal Loan Account - 516,892.09,3
2,7,Credit Card Account - 517,908.16,3
2,7,Auto Loan Account - 518,894.57,1
2,7,Personal Loan Account - 519,638.17,2
2,7,Credit Card Account - 520,648.96,2
3,7,Personal Loan Account - 521,759.38,1
3,7,Investment Account - 522,591.51,1
3,7,Savings Account - 523,748.11,1
3,7,Checking Account - 524,574.67,1
3,7,Home Loan Account - 525,254.46,3
3,7,Credit Card Account - 526,187.45,1
3,7,Savings Account - 527,717.23,3
3,7,Auto Loan Account - 528,600.89,3
4,7,Home Loan Account - 529,652.13,2
4,7,Money Market Account - 530,719.52,3
4,7,Home Loan Account - 531,926.28,2
4,7,Investment Account - 532,232.69,3
4,7,Auto Loan Account - 533,892.89,1
4,7,Savings Account - 534,512.91,2
4,7,Money Market Account - 535,78.91,3
4,7,Credit Card Account - 536,264.85,2
5,7,Checking Account - 537,277.57,3
5,7,Checking Account - 538,899.98,2
5,7,Credit Card Account - 539,725.13,1
5,7,Personal Loan Account - 540,714.29,3
5,7,Personal Loan Account - 541,406.53,3
5,7,Auto Loan Account - 542,571.31,1
5,7,Personal Loan Account - 543,573.61,3
5,7,Home Loan Account - 544,874.31,1
6,7,Auto Loan Account - 545,780.27,1
6,7,Checking Account - 546,582.3,2
6,7,Home Loan Account - 547,154.09,1
6,7,Investment Account - 548,831.15,1
6,7,Checking Account - 549,252.76,1
6,7,Auto Loan Account - 550,155.93,3
6,7,Auto Loan Account - 551,264.81,2
6,7,Money Market Account - 552,95.69,3
7,7,Money Market Account - 553,818.79,1
7,7,Savings Account - 554,911.61,1
7,7,Home Loan Account - 555,174.06,1
7,7,Credit Card Account - 556,260.95,3
7,7,Home Loan Account - 557,327.9,1
7,7,Auto Loan Account - 558,632.73,1
7,7,Investment Account - 559,919.97,1
7,7,Money Market Account - 560,573.5,1
8,7,Checking Account - 561,791.64,3
8,7,Savings Account - 562,348.76,1
8,7,Home Loan Account - 563,428.44,2
8,7,Home Loan Account - 564,7.33,1
8,7,Checking Account - 565,482.71,1
8,7,Home Loan Account - 566,550.17,2
8,7,Home Loan Account - 567,738.96,2
8,7,Savings Account - 568,43.79,2
9,7,Auto Loan Account - 569,669.8,1
9,7,Checking Account - 570,952.62,1
9,7,Credit Card Account - 571,517.31,2
9,7,Checking Account - 572,603.56,2
9,7,Credit Card Account - 573,84.21,3
9,7,Personal Loan Account - 574,459.64,2
9,7,Investment Account - 575,292.6,2
9,7,Personal Loan Account - 576,613.07,2
10,7,Auto Loan Account - 577,41.67,3
10,7,Personal Loan Account - 578,504.58,2
10,7,Investment Account - 579,920.7,1
10,7,Investment Account - 580,349.4,2
10,7,Savings Account - 581,860.86,3
10,7,Credit Card Account - 582,617.34,2
10,7,Savings Account - 583,194.04,3
10,7,Investment Account - 584,556.63,1
11,7,Credit Card Account - 585,288.53,2
11,7,Checking Account - 586,411.12,1
11,7,Home Loan Account - 587,19.28,2
11,7,Auto Loan Account - 588,46.57,1
11,7,Savings Account - 589,814.24,2
11,7,Investment Account - 590,65.56,3
11,7,Credit Card Account - 591,183.37,1
11,7,Investment Account - 592,447.58,3
12,7,Checking Account - 593,104.71,1
12,7,Home Loan Account - 594,557.33,3
12,7,Personal Loan Account - 595,141.1,2
12,7,Money Market Account - 596,183.93,1
12,7,Auto Loan Account - 597,648.4,2
12,7,Money Market Account - 598,595.11,3
12,7,Savings Account - 599,529.25,1
12,7,Credit Card Account - 600,310.35,3
13,7,Credit Card Account - 601,705.61,3
13,7,Money Market Account - 602,791.65,1
13,7,Savings Account - 603,358.37,3
13,7,Investment Account - 604,159.33,1
13,7,Checking Account - 605,305.67,1
13,7,Home Loan Account - 606,715.07,3
13,7,Auto Loan Account - 607,142.06,3
13,7,Money Market Account - 608,957.43,2
14,7,Credit Card Account - 609,113.76,2
14,7,Home Loan Account - 610,286.87,2
14,7,Investment Account - 611,247.48,2
14,7,Money Market Account - 612,341.46,3
14,7,Savings Account - 613,973.48,3
14,7,Home Loan Account - 614,159.39,3
14,7,Auto Loan Account - 615,793.17,1
14,7,Credit Card Account - 616,14.84,2
15,7,Home Loan Account - 617,291.44,3
15,7,Money Market Account - 618,448.23,1
15,7,Auto Loan Account - 619,859.19,2
15,7,Personal Loan Account - 620,848.08,1
15,7,Personal Loan Account - 621,458.64,1
15,7,Auto Loan Account - 622,723.15,2
15,7,Credit Card Account - 623,571.46,1
15,7,Personal Loan Account - 624,98.4,2
16,7,Personal Loan Account - 625,871.19,2
16,7,Checking Account - 626,258.84,1
16,7,Checking Account - 627,350.21,1
16,7,Checking Account - 628,554.91,1
16,7,Auto Loan Account - 629,90.34,1
16,7,Home Loan Account - 630,652.19,1
16,7,Auto Loan Account - 631,787.25,2
16,7,Credit Card Account - 632,100.37,2
17,7,Checking Account - 633,722.24,3
17,7,Investment Account - 634,723.63,2
17,7,Home Loan Account - 635,379.82,3
17,7,Auto Loan Account - 636,638.81,3
17,7,Investment Account - 637,432.93,1
17,7,Auto Loan Account - 638,181.38,1
17,7,Savings Account - 639,510.68,3
17,7,Checking Account - 640,804.93,3
18,7,Home Loan Account - 641,722.51,2
18,7,Investment Account - 642,362.11,3
18,7,Checking Account - 643,481.02,2
18,7,Home Loan Account - 644,609.87,3
18,7,Checking Account - 645,380.29,2
18,7,Personal Loan Account - 646,280.3,2
18,7,Investment Account - 647,354.53,2
18,7,Checking Account - 648,194.67,2
19,7,Savings Account - 649,547.04,2
19,7,Money Market Account - 650,583.45,3
19,7,Auto Loan Account - 651,179.46,2
19,7,Personal Loan Account - 652,975.58,3
19,7,Money Market Account - 653,721.07,1
19,7,Checking Account - 654,700.12,3
19,7,Money Market Account - 655,946.88,1
19,7,Money Market Account - 656,482.26,2
20,7,Home Loan Account - 657,847.83,3
20,7,Investment Account - 658,621.1,2
20,7,Savings Account - 659,729.12,2
20,7,Money Market Account - 660,293.33,3
20,7,Money Market Account - 661,70.83,3
20,7,Personal Loan Account - 662,75.06,3
20,7,Credit Card Account - 663,519.7,2
20,7,Savings Account - 664,926.31,3
21,7,Auto Loan Account - 665,670.75,2
21,7,Home Loan Account - 666,313.31,3
21,7,Credit Card Account - 667,399.48,3
21,7,Checking Account - 668,565.03,1
21,7,Auto Loan Account - 669,643.49,2
21,7,Auto Loan Account - 670,693.98,3
21,7,Checking Account - 671,420.71,3
21,7,Personal Loan Account - 672,635.69,1
1,8,Personal Loan Account - 673,471.85,1
1,8,Checking Account - 674,334.97,1
1,8,Credit Card Account - 675,758.51,1
1,8,Auto Loan Account - 676,826.4,1
1,8,Credit Card Account - 677,432.8,2
1,8,Investment Account - 678,147.74,3
1,8,Auto Loan Account - 679,947.87,2
1,8,Credit Card Account - 680,213.63,1
2,8,Home Loan Account - 681,589.49,3
2,8,Credit Card Account - 682,145.05,3
2,8,Credit Card Account - 683,917.76,3
2,8,Credit Card Account - 684,899.47,1
2,8,Auto Loan Account - 685,746.73,3
2,8,Checking Account - 686,548.09,2
2,8,Personal Loan Account - 687,510.08,3
2,8,Credit Card Account - 688,229.74,1
3,8,Investment Account - 689,670.77,3
3,8,Money Market Account - 690,518.56,2
3,8,Auto Loan Account - 691,324.41,3
3,8,Investment Account - 692,461.45,3
3,8,Checking Account - 693,400.13,3
3,8,Money Market Account - 694,12.1,1
3,8,Auto Loan Account - 695,545.72,1
3,8,Investment Account - 696,274.56,2
4,8,Savings Account - 697,435.76,1
4,8,Auto Loan Account - 698,388.16,1
4,8,Home Loan Account - 699,523.24,2
4,8,Money Market Account - 700,189.75,2
4,8,Auto Loan Account - 701,865.24,1
4,8,Home Loan Account - 702,679.4,3
4,8,Home Loan Account - 703,642.78,3
4,8,Investment Account - 704,251.52,3
5,8,Home Loan Account - 705,728.77,2
5,8,Money Market Account - 706,60.12,1
5,8,Money Market Account - 707,324.79,2
5,8,Auto Loan Account - 708,910.32,3
5,8,Credit Card Account - 709,339.7,3
5,8,Money Market Account - 710,88.07,3
5,8,Checking Account - 711,52.11,3
5,8,Investment Account - 712,623.84,2
6,8,Investment Account - 713,727.2,2
6,8,Personal Loan Account - 714,366.2,2
6,8,Investment Account - 715,201.92,2
6,8,Investment Account - 716,690.47,3
6,8,Checking Account - 717,252.41,1
6,8,Checking Account - 718,740.95,1
6,8,Home Loan Account - 719,32.83,3
6,8,Savings Account - 720,756.3,2
7,8,Money Market Account - 721,351.67,3
7,8,Auto Loan Account - 722,105.79,1
7,8,Personal Loan Account - 723,62.01,3
7,8,Checking Account - 724,573.37,3
7,8,Auto Loan Account - 725,523.73,1
7,8,Home Loan Account - 726,265.22,1
7,8,Personal Loan Account - 727,660.37,2
7,8,Auto Loan Account - 728,659.68,1
8,8,Auto Loan Account - 729,973.75,1
8,8,Personal Loan Account - 730,961.19,3
8,8,Personal Loan Account - 731,107.76,2
8,8,Credit Card Account - 732,612.02,1
8,8,Auto Loan Account - 733,790.35,1
8,8,Checking Account - 734,702.41,2
8,8,Home Loan Account - 735,334.3,3
8,8,Investment Account - 736,154.93,2
9,8,Money Market Account - 737,381.34,3
9,8,Home Loan Account - 738,804.51,3
9,8,Auto Loan Account - 739,545.7,2
9,8,Auto Loan Account - 740,160.9,1
9,8,Auto Loan Account - 741,641.69,1
9,8,Home Loan Account - 742,177.83,1
9,8,Credit Card Account - 743,438.12,1
9,8,Investment Account - 744,898.14,2
10,8,Money Market Account - 745,793.69,2
10,8,Savings Account - 746,211.21,1
10,8,Savings Account - 747,848.05,3
10,8,Checking Account - 748,568.77,2
10,8,Home Loan Account - 749,90.55,2
10,8,Auto Loan Account - 750,851.69,1
10,8,Checking Account - 751,858.67,1
10,8,Home Loan Account - 752,203.24,3
11,8,Credit Card Account - 753,466.76,2
11,8,Checking Account - 754,52.52,3
11,8,Home Loan Account - 755,967.92,3
11,8,Money Market Account - 756,250.14,2
11,8,Home Loan Account - 757,519.18,1
11,8,Investment Account - 758,574.55,3
11,8,Savings Account - 759,512.54,3
11,8,Personal Loan Account - 760,25.85,2
12,8,Checking Account - 761,815.51,2
12,8,Investment Account - 762,875.27,3
12,8,Home Loan Account - 763,846.59,1
12,8,Investment Account - 764,821.34,3
12,8,Home Loan Account - 765,624.63,2
12,8,Money Market Account - 766,712.16,3
12,8,Credit Card Account - 767,493.15,2
12,8,Money Market Account - 768,65.79,3
13,8,Personal Loan Account - 769,912.96,2
13,8,Money Market Account - 770,314.42,3
13,8,Money Market Account - 771,182.32,3
13,8,Checking Account - 772,617.66,2
13,8,Savings Account - 773,476.7,2
13,8,Auto Loan Account - 774,215.63,2
13,8,Savings Account - 775,55.12,3
13,8,Auto Loan Account - 776,650.04,1
14,8,Credit Card Account - 777,322.1,3
14,8,Personal Loan Account - 778,87.6,3
14,8,Home Loan Account - 779,97.62,3
14,8,Investment Account - 780,144.59,3
14,8,Money Market Account - 781,15.08,2
14,8,Auto Loan Account - 782,71.2,3
14,8,Money Market Account - 783,123.08,1
14,8,Money Market Account - 784,678.3,2
15,8,Savings Account - 785,107,2
15,8,Credit Card Account - 786,667.08,3
15,8,Credit Card Account - 787,666.9,3
15,8,Home Loan Account - 788,574.47,1
15,8,Savings Account - 789,136.75,1
15,8,Checking Account - 790,29.87,1
15,8,Home Loan Account - 791,340.92,2
15,8,Auto Loan Account - 792,365.13,3
16,8,Money Market Account - 793,676.63,1
16,8,Credit Card Account - 794,310.6,2
16,8,Investment Account - 795,956.06,2
16,8,Checking Account - 796,886.94,1
16,8,Auto Loan Account - 797,819.88,3
16,8,Savings Account - 798,926.26,2
16,8,Investment Account - 799,699.53,3
16,8,Savings Account - 800,814.74,3
17,8,Money Market Account - 801,310.26,2
17,8,Checking Account - 802,187.57,1
17,8,Money Market Account - 803,97.43,1
17,8,Auto Loan Account - 804,196.3,2
17,8,Credit Card Account - 805,487.19,2
17,8,Auto Loan Account - 806,934.19,3
17,8,Savings Account - 807,118.94,3
17,8,Money Market Account - 808,862.57,2
18,8,Investment Account - 809,703.33,1
18,8,Home Loan Account - 810,587.17,3
18,8,Credit Card Account - 811,113.43,3
18,8,Savings Account - 812,31.6,1
18,8,Money Market Account - 813,604.52,3
18,8,Home Loan Account - 814,601.84,1
18,8,Personal Loan Account - 815,932.93,1
18,8,Checking Account - 816,32.93,3
19,8,Savings Account - 817,115.32,1
19,8,Savings Account - 818,736.71,1
19,8,Home Loan Account - 819,542.63,3
19,8,Money Market Account - 820,285.75,2
19,8,Auto Loan Account - 821,956.08,2
19,8,Savings Account - 822,84.97,1
19,8,Investment Account - 823,688.32,3
19,8,Personal Loan Account - 824,819.08,3
20,8,Investment Account - 825,431.25,1
20,8,Investment Account - 826,4.25,3
20,8,Home Loan Account - 827,198.71,3
20,8,Checking Account - 828,491.02,3
20,8,Credit Card Account - 829,643.09,1
20,8,Auto Loan Account - 830,357.31,2
20,8,Credit Card Account - 831,465.17,3
20,8,Money Market Account - 832,703.51,1
21,8,Savings Account - 833,766.22,2
21,8,Money Market Account - 834,939.37,3
21,8,Auto Loan Account - 835,265.83,2
21,8,Home Loan Account - 836,910.68,2
21,8,Auto Loan Account - 837,296.51,3
21,8,Savings Account - 838,173.33,1
21,8,Personal Loan Account - 839,879.32,3
21,8,Home Loan Account - 840,826.43,1
22,8,Personal Loan Account - 841,810.72,2
22,8,Money Market Account - 842,451.43,3
22,8,Savings Account - 843,797.44,2
22,8,Personal Loan Account - 844,524.57,3
22,8,Savings Account - 845,286.14,2
22,8,Auto Loan Account - 846,519.29,2
22,8,Money Market Account - 847,976.3,2
22,8,Checking Account - 848,948.4,3
23,8,Auto Loan Account - 849,275.62,2
23,8,Auto Loan Account - 850,99.75,3
23,8,Home Loan Account - 851,51.89,1
23,8,Money Market Account - 852,864.52,1
23,8,Auto Loan Account - 853,972.72,3
23,8,Money Market Account - 854,12.66,3
23,8,Credit Card Account - 855,386.69,2
23,8,Credit Card Account - 856,12.11,2
24,8,Savings Account - 857,795.13,1
24,8,Credit Card Account - 858,256.49,2
24,8,Credit Card Account - 859,893.9,1
24,8,Credit Card Account - 860,448.71,3
24,8,Money Market Account - 861,311.62,3
24,8,Checking Account - 862,500.4,2
24,8,Personal Loan Account - 863,829.59,2
24,8,Home Loan Account - 864,531.71,2
1,9,Auto Loan Account - 865,509.4,2
1,9,Investment Account - 866,870.21,3
1,9,Investment Account - 867,470.42,1
1,9,Savings Account - 868,729.51,1
1,9,Savings Account - 869,660.92,3
1,9,Credit Card Account - 870,210.18,2
1,9,Checking Account - 871,202.23,2
1,9,Savings Account - 872,977.56,3
2,9,Checking Account - 873,985.67,3
2,9,Home Loan Account - 874,236.8,1
2,9,Credit Card Account - 875,482.21,3
2,9,Money Market Account - 876,379.1,3
2,9,Savings Account - 877,102.98,3
2,9,Home Loan Account - 878,736.25,2
2,9,Personal Loan Account - 879,135.6,1
2,9,Checking Account - 880,299.25,3
3,9,Investment Account - 881,735.33,1
3,9,Money Market Account - 882,169.78,2
3,9,Money Market Account - 883,176.38,3
3,9,Home Loan Account - 884,541.12,3
3,9,Credit Card Account - 885,594.27,2
3,9,Auto Loan Account - 886,72.7,2
3,9,Money Market Account - 887,759.04,1
3,9,Checking Account - 888,170.48,1
4,9,Checking Account - 889,517.29,3
4,9,Credit Card Account - 890,279.37,3
4,9,Checking Account - 891,210.02,2
4,9,Auto Loan Account - 892,515.22,2
4,9,Personal Loan Account - 893,545.97,1
4,9,Savings Account - 894,605.83,3
4,9,Credit Card Account - 895,886.39,3
4,9,Personal Loan Account - 896,116.61,3
5,9,Checking Account - 897,839.25,3
5,9,Home Loan Account - 898,375.42,1
5,9,Personal Loan Account - 899,839.64,2
5,9,Savings Account - 900,54.23,2
5,9,Investment Account - 901,760.56,1
5,9,Credit Card Account - 902,870.8,3
5,9,Money Market Account - 903,978.5,3
5,9,Checking Account - 904,461.97,3
6,9,Checking Account - 905,446.94,1
6,9,Auto Loan Account - 906,233.97,1
6,9,Savings Account - 907,10.01,2
6,9,Money Market Account - 908,690.41,1
6,9,Personal Loan Account - 909,251.6,1
6,9,Investment Account - 910,784.79,3
6,9,Auto Loan Account - 911,858.5,3
6,9,Home Loan Account - 912,777.08,1
7,9,Investment Account - 913,57.79,1
7,9,Investment Account - 914,213.1,1
7,9,Money Market Account - 915,407.85,3
7,9,Money Market Account - 916,231.21,3
7,9,Investment Account - 917,923.32,1
7,9,Personal Loan Account - 918,912.88,3
7,9,Personal Loan Account - 919,41.46,2
7,9,Credit Card Account - 920,637.18,3
8,9,Investment Account - 921,226.46,2
8,9,Personal Loan Account - 922,173.11,1
8,9,Savings Account - 923,507.54,2
8,9,Checking Account - 924,276.38,3
8,9,Personal Loan Account - 925,961.73,1
8,9,Home Loan Account - 926,477.22,2
8,9,Personal Loan Account - 927,494.98,3
8,9,Checking Account - 928,52.93,1
9,9,Savings Account - 929,454.12,3
9,9,Investment Account - 930,58.28,2
9,9,Credit Card Account - 931,530.42,1
9,9,Auto Loan Account - 932,668.11,3
9,9,Home Loan Account - 933,526.42,1
9,9,Investment Account - 934,469.39,1
9,9,Savings Account - 935,645.03,3
9,9,Personal Loan Account - 936,738.08,1
10,9,Personal Loan Account - 937,972.12,1
10,9,Savings Account - 938,944.54,3
10,9,Investment Account - 939,813.75,1
10,9,Home Loan Account - 940,109.64,1
10,9,Auto Loan Account - 941,555.65,2
10,9,Investment Account - 942,354.76,2
10,9,Investment Account - 943,964.18,2
10,9,Money Market Account - 944,316.51,1
11,9,Home Loan Account - 945,185.35,3
11,9,Investment Account - 946,112.22,3
11,9,Savings Account - 947,38.33,3
11,9,Personal Loan Account - 948,945.26,2
11,9,Home Loan Account - 949,876.6,2
11,9,Auto Loan Account - 950,550.11,3
11,9,Personal Loan Account - 951,621.67,1
11,9,Credit Card Account - 952,615.73,3
12,9,Checking Account - 953,408.34,3
12,9,Home Loan Account - 954,222.34,1
12,9,Auto Loan Account - 955,793.87,1
12,9,Home Loan Account - 956,773.59,3
12,9,Investment Account - 957,462.7,3
12,9,Investment Account - 958,710.14,2
12,9,Auto Loan Account - 959,755.54,1
12,9,Auto Loan Account - 960,762.1,3
13,9,Checking Account - 961,363.8,3
13,9,Auto Loan Account - 962,474.02,2
13,9,Investment Account - 963,97.41,1
13,9,Investment Account - 964,323.08,2
13,9,Credit Card Account - 965,559.2,1
13,9,Savings Account - 966,200.15,3
13,9,Investment Account - 967,100.17,2
13,9,Investment Account - 968,639.66,1
14,9,Credit Card Account - 969,405.78,3
14,9,Savings Account - 970,139.67,2
14,9,Personal Loan Account - 971,623.26,3
14,9,Home Loan Account - 972,498.51,1
14,9,Investment Account - 973,207.59,2
14,9,Savings Account - 974,329.42,2
14,9,Auto Loan Account - 975,560.71,3
14,9,Checking Account - 976,35.66,3
15,9,Personal Loan Account - 977,73.75,2
15,9,Personal Loan Account - 978,574.61,3
15,9,Money Market Account - 979,58.41,1
15,9,Savings Account - 980,644.16,3
15,9,Home Loan Account - 981,32.52,3
15,9,Auto Loan Account - 982,955.29,3
15,9,Checking Account - 983,378.58,2
15,9,Credit Card Account - 984,336.84,2
16,9,Investment Account - 985,256.6,1
16,9,Investment Account - 986,350.19,2
16,9,Investment Account - 987,471.03,2
16,9,Personal Loan Account - 988,443.49,2
16,9,Personal Loan Account - 989,87.9,2
16,9,Checking Account - 990,135.49,3
16,9,Money Market Account - 991,652,2
16,9,Checking Account - 992,502.88,3
17,9,Auto Loan Account - 993,888.23,1
17,9,Home Loan Account - 994,636.54,2
17,9,Auto Loan Account - 995,113.69,1
17,9,Money Market Account - 996,173.53,1
17,9,Auto Loan Account - 997,602.52,3
17,9,Money Market Account - 998,164.71,3
17,9,Auto Loan Account - 999,757.41,2
17,9,Investment Account - 1000,168.14,3
18,9,Savings Account - 1001,232.75,1
18,9,Investment Account - 1002,399.74,3
18,9,Investment Account - 1003,303.16,3
18,9,Credit Card Account - 1004,573.3,2
18,9,Investment Account - 1005,522.55,2
18,9,Money Market Account - 1006,442.42,3
18,9,Home Loan Account - 1007,346.28,1
18,9,Home Loan Account - 1008,180.8,2
19,9,Checking Account - 1009,102.97,1
19,9,Investment Account - 1010,423,2
19,9,Investment Account - 1011,641.95,3
19,9,Money Market Account - 1012,830.04,2
19,9,Checking Account - 1013,532.33,2
19,9,Money Market Account - 1014,530.83,2
19,9,Checking Account - 1015,320.91,3
19,9,Savings Account - 1016,96.88,3
20,9,Checking Account - 1017,691.37,3
20,9,Investment Account - 1018,185.81,1
20,9,Investment Account - 1019,970.52,2
20,9,Personal Loan Account - 1020,109.86,1
20,9,Investment Account - 1021,709.48,3
20,9,Savings Account - 1022,128.53,1
20,9,Personal Loan Account - 1023,431.55,3
20,9,Investment Account - 1024,585.21,2
21,9,Home Loan Account - 1025,325.3,1
21,9,Credit Card Account - 1026,93.65,3
21,9,Personal Loan Account - 1027,860.09,1
21,9,Checking Account - 1028,62.84,2
21,9,Investment Account - 1029,622.04,1
21,9,Auto Loan Account - 1030,993.17,3
21,9,Checking Account - 1031,855.41,2
21,9,Auto Loan Account - 1032,635.97,2
22,9,Home Loan Account - 1033,637.05,3
22,9,Checking Account - 1034,278.64,1
22,9,Investment Account - 1035,166.76,3
22,9,Home Loan Account - 1036,298.2,3
22,9,Savings Account - 1037,793.98,2
22,9,Money Market Account - 1038,308.77,3
22,9,Savings Account - 1039,346.02,1
22,9,Savings Account - 1040,424.36,3
23,9,Auto Loan Account - 1041,532.41,1
23,9,Personal Loan Account - 1042,376.18,2
23,9,Home Loan Account - 1043,86.63,3
23,9,Checking Account - 1044,779.93,1
23,9,Checking Account - 1045,301.53,3
23,9,Home Loan Account - 1046,863.7,1
23,9,Credit Card Account - 1047,440.74,1
23,9,Credit Card Account - 1048,356.68,1
24,9,Investment Account - 1049,538,1
24,9,Home Loan Account - 1050,251.39,3
24,9,Home Loan Account - 1051,190.74,2
24,9,Auto Loan Account - 1052,334.44,3
24,9,Home Loan Account - 1053,771.07,1
24,9,Home Loan Account - 1054,114.37,2
24,9,Investment Account - 1055,865.36,2
24,9,Savings Account - 1056,639.56,2
25,9,Auto Loan Account - 1057,574.94,2
25,9,Investment Account - 1058,759.77,1
25,9,Savings Account - 1059,816.91,1
25,9,Savings Account - 1060,24.08,3
25,9,Credit Card Account - 1061,774.21,1
25,9,Savings Account - 1062,337.53,1
25,9,Auto Loan Account - 1063,486.45,3
25,9,Auto Loan Account - 1064,579.16,3
26,9,Money Market Account - 1065,162.5,2
26,9,Money Market Account - 1066,68.36,2
26,9,Credit Card Account - 1067,1.97,1
26,9,Personal Loan Account - 1068,812.15,2
26,9,Checking Account - 1069,320.04,3
26,9,Savings Account - 1070,626.01,2
26,9,Savings Account - 1071,791.05,3
26,9,Credit Card Account - 1072,617.39,1
27,9,Home Loan Account - 1073,366.59,2
27,9,Money Market Account - 1074,205.87,1
27,9,Checking Account - 1075,431.15,3
27,9,Home Loan Account - 1076,772.49,3
27,9,Home Loan Account - 1077,500.7,2
27,9,Investment Account - 1078,114.91,2
27,9,Money Market Account - 1079,985.9,3
27,9,Auto Loan Account - 1080,654.92,2
1,10,Savings Account - 1081,162.88,1
1,10,Savings Account - 1082,54.68,3
1,10,Credit Card Account - 1083,180.59,3
1,10,Credit Card Account - 1084,922.3,2
1,10,Money Market Account - 1085,570.32,3
1,10,Money Market Account - 1086,652.75,2
1,10,Money Market Account - 1087,314.24,3
1,10,Checking Account - 1088,225.09,3
2,10,Savings Account - 1089,969.26,2
2,10,Checking Account - 1090,289.07,2
2,10,Personal Loan Account - 1091,740.85,3
2,10,Savings Account - 1092,242.84,2
2,10,Investment Account - 1093,81.5,3
2,10,Money Market Account - 1094,542.48,1
2,10,Investment Account - 1095,905.66,3
2,10,Home Loan Account - 1096,759.55,3
3,10,Personal Loan Account - 1097,326.09,3
3,10,Auto Loan Account - 1098,212.4,1
3,10,Home Loan Account - 1099,19.44,1
3,10,Personal Loan Account - 1100,983.17,1
3,10,Checking Account - 1101,940.21,1
3,10,Savings Account - 1102,470.78,1
3,10,Money Market Account - 1103,280.44,1
3,10,Checking Account - 1104,999.99,3
4,10,Home Loan Account - 1105,115.1,1
4,10,Credit Card Account - 1106,272.33,2
4,10,Savings Account - 1107,247.36,3
4,10,Credit Card Account - 1108,430.99,1
4,10,Credit Card Account - 1109,790.88,3
4,10,Home Loan Account - 1110,510,3
4,10,Credit Card Account - 1111,3.2,2
4,10,Home Loan Account - 1112,391.76,2
5,10,Investment Account - 1113,64.43,2
5,10,Credit Card Account - 1114,892.43,1
5,10,Savings Account - 1115,483.93,3
5,10,Investment Account - 1116,285.66,3
5,10,Money Market Account - 1117,651.14,2
5,10,Credit Card Account - 1118,451.26,2
5,10,Auto Loan Account - 1119,657.68,3
5,10,Investment Account - 1120,504.89,3
6,10,Savings Account - 1121,134.75,1
6,10,Money Market Account - 1122,538.38,2
6,10,Checking Account - 1123,545.29,1
6,10,Credit Card Account - 1124,94.83,2
6,10,Investment Account - 1125,526.14,2
6,10,Home Loan Account - 1126,35.08,1
6,10,Investment Account - 1127,676.31,2
6,10,Savings Account - 1128,739.2,1
7,10,Investment Account - 1129,524.22,1
7,10,Money Market Account - 1130,951.77,3
7,10,Auto Loan Account - 1131,748.57,1
7,10,Personal Loan Account - 1132,333.2,2
7,10,Home Loan Account - 1133,859.61,1
7,10,Personal Loan Account - 1134,871.64,2
7,10,Checking Account - 1135,784.3,1
7,10,Personal Loan Account - 1136,30.26,3
8,10,Savings Account - 1137,729.17,3
8,10,Savings Account - 1138,818.23,3
8,10,Money Market Account - 1139,411.5,3
8,10,Investment Account - 1140,57.25,2
8,10,Checking Account - 1141,96.82,2
8,10,Investment Account - 1142,425.83,1
8,10,Investment Account - 1143,622.74,3
8,10,Savings Account - 1144,369.26,1
9,10,Checking Account - 1145,713.28,2
9,10,Home Loan Account - 1146,823.71,1
9,10,Investment Account - 1147,476.92,2
9,10,Money Market Account - 1148,465.75,1
9,10,Personal Loan Account - 1149,918.04,2
9,10,Investment Account - 1150,886.36,3
9,10,Savings Account - 1151,188.86,1
9,10,Personal Loan Account - 1152,48.41,2
10,10,Home Loan Account - 1153,21.8,3
10,10,Home Loan Account - 1154,147.33,3
10,10,Savings Account - 1155,348.03,1
10,10,Savings Account - 1156,944.86,1
10,10,Credit Card Account - 1157,316.29,2
10,10,Money Market Account - 1158,885.35,3
10,10,Money Market Account - 1159,674.26,2
10,10,Credit Card Account - 1160,248.09,2
11,10,Investment Account - 1161,390.68,2
11,10,Credit Card Account - 1162,843.97,2
11,10,Investment Account - 1163,275.2,3
11,10,Personal Loan Account - 1164,333.57,3
11,10,Savings Account - 1165,820.53,2
11,10,Investment Account - 1166,907.61,2
11,10,Personal Loan Account - 1167,863.05,3
11,10,Investment Account - 1168,948.78,3
12,10,Checking Account - 1169,365.37,3
12,10,Home Loan Account - 1170,794.45,3
12,10,Home Loan Account - 1171,860.69,3
12,10,Personal Loan Account - 1172,611.46,2
12,10,Auto Loan Account - 1173,882.97,2
12,10,Credit Card Account - 1174,562.49,1
12,10,Credit Card Account - 1175,110.17,3
12,10,Home Loan Account - 1176,551.9,2
13,10,Personal Loan Account - 1177,758.33,3
13,10,Home Loan Account - 1178,483.51,1
13,10,Credit Card Account - 1179,999.28,2
13,10,Money Market Account - 1180,862.65,2
13,10,Credit Card Account - 1181,985.91,3
13,10,Money Market Account - 1182,58.64,1
13,10,Investment Account - 1183,629.71,2
13,10,Personal Loan Account - 1184,690.66,1
14,10,Personal Loan Account - 1185,878.1,2
14,10,Checking Account - 1186,613.46,2
14,10,Investment Account - 1187,800.63,2
14,10,Checking Account - 1188,170.86,1
14,10,Savings Account - 1189,479.92,3
14,10,Savings Account - 1190,568.25,1
14,10,Savings Account - 1191,767.15,3
14,10,Auto Loan Account - 1192,87.16,3
15,10,Savings Account - 1193,651.2,2
15,10,Money Market Account - 1194,708.88,2
15,10,Investment Account - 1195,530.9,1
15,10,Auto Loan Account - 1196,379.43,1
15,10,Home Loan Account - 1197,558.97,3
15,10,Savings Account - 1198,829.13,3
15,10,Investment Account - 1199,267.22,3
15,10,Personal Loan Account - 1200,78.23,1
16,10,Home Loan Account - 1201,949.86,3
16,10,Money Market Account - 1202,675.58,1
16,10,Home Loan Account - 1203,314.65,2
16,10,Checking Account - 1204,152.76,3
16,10,Checking Account - 1205,441.61,1
16,10,Investment Account - 1206,204.34,2
16,10,Investment Account - 1207,888.38,2
16,10,Investment Account - 1208,160.66,2
17,10,Investment Account - 1209,520.06,2
17,10,Investment Account - 1210,643.25,1
17,10,Personal Loan Account - 1211,898,3
17,10,Checking Account - 1212,487.91,3
17,10,Auto Loan Account - 1213,556.47,1
17,10,Savings Account - 1214,523.54,3
17,10,Money Market Account - 1215,252.52,3
17,10,Savings Account - 1216,748.77,1
18,10,Auto Loan Account - 1217,666.16,3
18,10,Savings Account - 1218,391.54,1
18,10,Checking Account - 1219,806.44,2
18,10,Savings Account - 1220,600.84,2
18,10,Savings Account - 1221,616.33,1
18,10,Investment Account - 1222,757.39,1
18,10,Investment Account - 1223,83.22,2
18,10,Savings Account - 1224,348.85,1
19,10,Savings Account - 1225,950.36,2
19,10,Auto Loan Account - 1226,367.1,1
19,10,Credit Card Account - 1227,673.02,1
19,10,Checking Account - 1228,293.42,2
19,10,Credit Card Account - 1229,431.46,1
19,10,Checking Account - 1230,332.31,3
19,10,Money Market Account - 1231,907.93,2
19,10,Savings Account - 1232,557.33,2
20,10,Checking Account - 1233,485.75,3
20,10,Money Market Account - 1234,303.49,1
20,10,Savings Account - 1235,612.41,1
20,10,Money Market Account - 1236,883.89,2
20,10,Credit Card Account - 1237,49.65,1
20,10,Savings Account - 1238,417.24,2
20,10,Investment Account - 1239,611.67,2
20,10,Personal Loan Account - 1240,757.83,1
21,10,Auto Loan Account - 1241,853.31,3
21,10,Personal Loan Account - 1242,937.15,1
21,10,Savings Account - 1243,922.04,3
21,10,Auto Loan Account - 1244,598.7,1
21,10,Checking Account - 1245,314.75,2
21,10,Investment Account - 1246,212.78,1
21,10,Auto Loan Account - 1247,568.37,1
21,10,Money Market Account - 1248,829.35,2
22,10,Home Loan Account - 1249,316.73,3
22,10,Auto Loan Account - 1250,872.77,1
22,10,Credit Card Account - 1251,197.82,3
22,10,Investment Account - 1252,807.19,2
22,10,Home Loan Account - 1253,391.81,3
22,10,Personal Loan Account - 1254,160.79,2
22,10,Home Loan Account - 1255,821.53,1
22,10,Investment Account - 1256,384.9,1
23,10,Personal Loan Account - 1257,876.02,3
23,10,Investment Account - 1258,552.04,2
23,10,Investment Account - 1259,891.46,1
23,10,Home Loan Account - 1260,998.85,3
23,10,Auto Loan Account - 1261,700.89,2
23,10,Checking Account - 1262,514.23,2
23,10,Auto Loan Account - 1263,42.54,1
23,10,Money Market Account - 1264,355,2
24,10,Savings Account - 1265,299.52,1
24,10,Savings Account - 1266,301.4,2
24,10,Auto Loan Account - 1267,893.86,2
24,10,Checking Account - 1268,804.71,2
24,10,Personal Loan Account - 1269,581.66,2
24,10,Checking Account - 1270,944.73,2
24,10,Money Market Account - 1271,22.45,2
24,10,Credit Card Account - 1272,241.68,1
25,10,Savings Account - 1273,948.78,2
25,10,Money Market Account - 1274,530.65,3
25,10,Credit Card Account - 1275,931.4,3
25,10,Savings Account - 1276,656.47,2
25,10,Credit Card Account - 1277,257.96,2
25,10,Auto Loan Account - 1278,616.76,2
25,10,Credit Card Account - 1279,260.91,1
25,10,Personal Loan Account - 1280,218.9,3
26,10,Money Market Account - 1281,118.15,1
26,10,Investment Account - 1282,761.79,2
26,10,Auto Loan Account - 1283,131.36,2
26,10,Investment Account - 1284,441.82,1
26,10,Investment Account - 1285,78.59,2
26,10,Checking Account - 1286,424.34,3
26,10,Credit Card Account - 1287,44.78,1
26,10,Personal Loan Account - 1288,86.36,3
27,10,Investment Account - 1289,310.96,3
27,10,Auto Loan Account - 1290,265.83,2
27,10,Credit Card Account - 1291,290.1,1
27,10,Home Loan Account - 1292,409.39,2
27,10,Investment Account - 1293,472.23,1
27,10,Money Market Account - 1294,114.68,1
27,10,Credit Card Account - 1295,915.67,2
27,10,Money Market Account - 1296,187.76,2
28,10,Money Market Account - 1297,613.95,1
28,10,Personal Loan Account - 1298,92.64,2
28,10,Auto Loan Account - 1299,874.93,1
28,10,Checking Account - 1300,235.37,2
28,10,Investment Account - 1301,336.91,2
28,10,Auto Loan Account - 1302,162.87,1
28,10,Savings Account - 1303,944.56,1
28,10,Auto Loan Account - 1304,791.05,3
29,10,Checking Account - 1305,983.99,3
29,10,Savings Account - 1306,438.88,1
29,10,Money Market Account - 1307,12.52,1
29,10,Auto Loan Account - 1308,780.62,2
29,10,Checking Account - 1309,726.14,3
29,10,Money Market Account - 1310,223.66,1
29,10,Home Loan Account - 1311,249.22,2
29,10,Personal Loan Account - 1312,921.14,3
30,10,Savings Account - 1313,145.69,1
30,10,Checking Account - 1314,287.62,1
30,10,Money Market Account - 1315,690.83,3
30,10,Savings Account - 1316,811.99,1
30,10,Investment Account - 1317,475.98,3
30,10,Home Loan Account - 1318,329.47,3
30,10,Checking Account - 1319,129.9,1
30,10,Money Market Account - 1320,33.82,2
