budget_id,owner_id,payee_name
1,1,"Fadel, Cremin and Crooks - 1"
1,1,Hilll - Bahringer - 2
1,1,Cassin Group - 3
1,1,Legros Inc - 4
1,1,"Hessel, Kozey and Streich - 5"
1,1,Casper LLC - 6
1,1,Daniel and Sons - 7
1,1,"Marquardt, Herzog and Dickinson - 8"
1,1,Veum - Marks - 9
1,1,"Quitzon, Ziemann and Altenwerth - 10"
1,1,"Shields, Tromp and Heaney - 11"
1,1,Kertzmann Inc - 12
1,1,Rippin LLC - 13
1,1,"O'Reilly, Aufderhar and Rolfson - 14"
1,1,Berge - Macejkovic - 15
2,1,Hilpert - Murphy - 16
2,1,Lowe Inc - 17
2,1,"DuBuque, Schoen and Bartell - 18"
2,1,"Hilpert, Harris and Anderson - 19"
2,1,Yundt - Bradtke - 20
2,1,Feest and Sons - 21
2,1,Hane - Fahey - 22
2,1,Orn LLC - 23
2,1,"Johnston, Dietrich and Pfannerstill - 24"
2,1,Shields - Padberg - 25
2,1,Jast Group - 26
2,1,Strosin - McClure - 27
2,1,McGlynn Inc - 28
2,1,Corkery LLC - 29
2,1,"Satterfield, Bruen and Bogisich - 30"
3,1,McClure - Ullrich - 31
3,1,Anderson - Graham - 32
3,1,Barrows Inc - 33
3,1,Cummerata and Sons - 34
3,1,Nader Inc - 35
3,1,"Durgan, Heidenreich and Rippin - 36"
3,1,"Bartoletti, Kuhic and Carter - 37"
3,1,Rohan - Berge - 38
3,1,Jacobson - Berge - 39
3,1,Hansen LLC - 40
3,1,Aufderhar - Goodwin - 41
3,1,Kemmer - Little - 42
3,1,"Okuneva, Bartoletti and Block - 43"
3,1,"Prosacco, Schaden and Davis - 44"
3,1,Hoeger - Hoeger - 45
1,2,Altenwerth LLC - 46
1,2,"Zemlak, Hilll and Mante - 47"
1,2,Mayert - Douglas - 48
1,2,Homenick - Jast - 49
1,2,Zemlak and Sons - 50
1,2,Lueilwitz - Cole - 51
1,2,"Heathcote, Dach and O'Reilly - 52"
1,2,"Daniel, Mueller and Jenkins - 53"
1,2,Gibson - McLaughlin - 54
1,2,Kirlin - Wisoky - 55
1,2,"Welch, Mayert and Hintz - 56"
1,2,Grady - Roob - 57
1,2,Maggio - Grady - 58
1,2,Hackett Inc - 59
1,2,McCullough - Vandervort - 60
2,2,Okuneva LLC - 61
2,2,Ortiz Inc - 62
2,2,"Hills, Considine and Ernser - 63"
2,2,Farrell LLC - 64
2,2,"Auer, Gleason and Gulgowski - 65"
2,2,Cole Group - 66
2,2,"Fisher, Block and Wiza - 67"
2,2,Johnston and Sons - 68
2,2,"Barton, Cassin and Gaylord - 69"
2,2,Blanda - Jones - 70
2,2,"Lindgren, Lemke and Bashirian - 71"
2,2,Beier - Rath - 72
2,2,"Hackett, Hermiston and Greenfelder - 73"
2,2,O'Kon - Abernathy - 74
2,2,Bechtelar - Pouros - 75
3,2,Rippin - Huels - 76
3,2,Hintz LLC - 77
3,2,"Kautzer, O'Hara and Carter - 78"
3,2,Terry LLC - 79
3,2,"O'Keefe, Hilpert and Bogan - 80"
3,2,Oberbrunner - Huels - 81
3,2,"Batz, Rau and Denesik - 82"
3,2,"Bartell, Cole and Schuppe - 83"
3,2,Heidenreich - Howe - 84
3,2,Fadel LLC - 85
3,2,Koelpin - Lueilwitz - 86
3,2,Block - Nienow - 87
3,2,Kunde - Carter - 88
3,2,"Collier, Lynch and Schinner - 89"
3,2,Daugherty - Watsica - 90
4,2,Smitham - Bernhard - 91
4,2,Flatley Inc - 92
4,2,Fay - Harris - 93
4,2,Bradtke Inc - 94
4,2,"Lesch, Hirthe and Will - 95"
4,2,Carter LLC - 96
4,2,Schiller - Pfannerstill - 97
4,2,"Schroeder, Jast and Langworth - 98"
4,2,Stamm and Sons - 99
4,2,"Bergstrom, Schuster and Fritsch - 100"
4,2,"Stanton, Howe and Lynch - 101"
4,2,Thompson Group - 102
4,2,Zieme - Gislason - 103
4,2,Strosin Inc - 104
4,2,Bergnaum - Ernser - 105
5,2,"Gusikowski, Mueller and McKenzie - 106"
5,2,Stamm LLC - 107
5,2,Schuppe LLC - 108
5,2,"Homenick, Bogan and Wolf - 109"
5,2,"DuBuque, Buckridge and Farrell - 110"
5,2,"Hermann, Flatley and Armstrong - 111"
5,2,Anderson - Cremin - 112
5,2,"Reichel, Marquardt and Ziemann - 113"
5,2,Moen Inc - 114
5,2,Leuschke - Botsford - 115
5,2,Rath and Sons - 116
5,2,"Stroman, Braun and Ferry - 117"
5,2,Wilkinson Group - 118
5,2,"Lesch, Mayer and Medhurst - 119"
5,2,"Stroman, Bayer and Stark - 120"
6,2,"Gerlach, McLaughlin and Ullrich - 121"
6,2,"Schroeder, Lind and O'Conner - 122"
6,2,"McCullough, Heaney and Kunze - 123"
6,2,Homenick - Ward - 124
6,2,Keeling Group - 125
6,2,West and Sons - 126
6,2,"Kiehn, Hartmann and Langosh - 127"
6,2,Keebler - Waelchi - 128
6,2,Ebert - Fadel - 129
6,2,"Bogan, Dickens and Considine - 130"
6,2,"Sipes, Gusikowski and Collier - 131"
6,2,"Davis, McCullough and Boyle - 132"
6,2,Stark Inc - 133
6,2,Mitchell and Sons - 134
6,2,Wuckert LLC - 135
1,3,Cummerata - Renner - 136
1,3,Walsh Group - 137
1,3,"Heidenreich, Reichert and Pollich - 138"
1,3,"Littel, Bruen and Schroeder - 139"
1,3,"Schmeler, Runolfsdottir and Tromp - 140"
1,3,"Robel, Parker and Becker - 141"
1,3,"Runolfsdottir, Blanda and Funk - 142"
1,3,Bartoletti - Walker - 143
1,3,"Von, Langworth and Cormier - 144"
1,3,Lebsack - Balistreri - 145
1,3,"Cole, Powlowski and Brown - 146"
1,3,Smith - Vandervort - 147
1,3,Boehm - Little - 148
1,3,McGlynn - Wolf - 149
1,3,"Kub, Torphy and Beahan - 150"
2,3,Steuber - Kuhlman - 151
2,3,Nikolaus LLC - 152
2,3,"Hammes, Trantow and Cole - 153"
2,3,"Daniel, Corkery and Parisian - 154"
2,3,"Rau, Borer and Koch - 155"
2,3,VonRueden - Klein - 156
2,3,Lind Inc - 157
2,3,Douglas and Sons - 158
2,3,"Howe, Barton and Kirlin - 159"
2,3,Jones Group - 160
2,3,Carroll Group - 161
2,3,McKenzie - Ullrich - 162
2,3,Toy - Dare - 163
2,3,Tremblay LLC - 164
2,3,"Sauer, Erdman and Deckow - 165"
3,3,"Volkman, Larson and Bradtke - 166"
3,3,Hartmann Group - 167
3,3,Gerhold - Lang - 168
3,3,Pollich Inc - 169
3,3,Bosco Inc - 170
3,3,"Brown, Douglas and Feeney - 171"
3,3,Dietrich - Nolan - 172
3,3,Baumbach - Kuhn - 173
3,3,"Gerlach, Harber and Hane - 174"
3,3,Dicki - Rutherford - 175
3,3,"Corwin, Ondricka and Strosin - 176"
3,3,Davis - Mueller - 177
3,3,"Gulgowski, Gerlach and Beer - 178"
3,3,Gulgowski - Vandervort - 179
3,3,Morissette and Sons - 180
4,3,Von - Smitham - 181
4,3,Okuneva LLC - 182
4,3,Schulist - Wolff - 183
4,3,Walsh - Rau - 184
4,3,Fisher Group - 185
4,3,Lind LLC - 186
4,3,Hills Inc - 187
4,3,Mertz - Tremblay - 188
4,3,Corwin LLC - 189
4,3,"Tillman, McCullough and Kautzer - 190"
4,3,Hilll - Brakus - 191
4,3,Mann LLC - 192
4,3,Kiehn Group - 193
4,3,Gusikowski Inc - 194
4,3,Bogan Inc - 195
5,3,Koelpin Inc - 196
5,3,Stracke - Wisozk - 197
5,3,Beier Inc - 198
5,3,Kuhn - Pollich - 199
5,3,"Sipes, Gottlieb and Hills - 200"
5,3,"Wehner, Goldner and Schroeder - 201"
5,3,"Moore, Osinski and Kris - 202"
5,3,Kirlin - Morissette - 203
5,3,Wisoky Inc - 204
5,3,"McGlynn, Torp and Kunde - 205"
5,3,"Spencer, Rath and Beier - 206"
5,3,Langworth and Sons - 207
5,3,Dietrich - Altenwerth - 208
5,3,Hudson - Harris - 209
5,3,Quitzon - Kub - 210
6,3,Labadie - Schmeler - 211
6,3,"Rosenbaum, Armstrong and Douglas - 212"
6,3,Mueller - Stroman - 213
6,3,Pagac Group - 214
6,3,Kovacek - Breitenberg - 215
6,3,Bruen Inc - 216
6,3,"Volkman, O'Keefe and Koss - 217"
6,3,Wolff - Renner - 218
6,3,Koelpin LLC - 219
6,3,Schinner - Walter - 220
6,3,"Jones, Christiansen and Conroy - 221"
6,3,Schmeler Inc - 222
6,3,"Goldner, Wehner and Kuphal - 223"
6,3,Collins Group - 224
6,3,Brown - Beahan - 225
7,3,"Ferry, Carroll and Marvin - 226"
7,3,Connelly Group - 227
7,3,"Monahan, Bruen and Runolfsson - 228"
7,3,Keeling - Strosin - 229
7,3,"Stark, Rogahn and Price - 230"
7,3,Bergnaum and Sons - 231
7,3,Hahn - Farrell - 232
7,3,Green - Jones - 233
7,3,"Barton, Labadie and Ruecker - 234"
7,3,"Tillman, Hartmann and Boyle - 235"
7,3,Koch - Kuhic - 236
7,3,"Keebler, Nienow and Treutel - 237"
7,3,"Bogisich, Kiehn and Goodwin - 238"
7,3,"Effertz, Veum and Nolan - 239"
7,3,Kertzmann - Ortiz - 240
8,3,Kling - Kuvalis - 241
8,3,McLaughlin LLC - 242
8,3,Dibbert Inc - 243
8,3,Reinger Group - 244
8,3,Cummings - O'Reilly - 245
8,3,"Hahn, Walter and Schuster - 246"
8,3,Bechtelar - Rippin - 247
8,3,Boyer and Sons - 248
8,3,Tromp - Swaniawski - 249
8,3,Fisher - Stamm - 250
8,3,Kutch LLC - 251
8,3,Nicolas - Legros - 252
8,3,Rippin - Kertzmann - 253
8,3,"Gerhold, Schuster and Kessler - 254"
8,3,"Beatty, Wilkinson and Farrell - 255"
9,3,Hackett LLC - 256
9,3,Collins and Sons - 257
9,3,Ankunding - Franecki - 258
9,3,"White, Mosciski and Reinger - 259"
9,3,"Kling, Hermann and Skiles - 260"
9,3,Quigley and Sons - 261
9,3,"Schuster, Towne and Bayer - 262"
9,3,Kuphal - Pfeffer - 263
9,3,Padberg - Lemke - 264
9,3,"Franecki, Robel and Beer - 265"
9,3,"Herman, Little and Gislason - 266"
9,3,Fay - Flatley - 267
9,3,"Wehner, Wilderman and Swift - 268"
9,3,Lind - Koepp - 269
9,3,Barton - Hartmann - 270
1,4,Ritchie and Sons - 271
1,4,Rau - Johnson - 272
1,4,Kemmer - Harris - 273
1,4,Ondricka - Morar - 274
1,4,Towne and Sons - 275
1,4,"Conroy, Stracke and O'Hara - 276"
1,4,Rutherford and Sons - 277
1,4,"Stehr, Crona and Towne - 278"
1,4,Moen Group - 279
1,4,Rice Group - 280
1,4,Keeling - Douglas - 281
1,4,"Berge, Bernhard and Balistreri - 282"
1,4,"Rippin, Ullrich and Tromp - 283"
1,4,McLaughlin and Sons - 284
1,4,"Cartwright, Ledner and Ernser - 285"
2,4,"Yost, Bruen and Weber - 286"
2,4,Quitzon Group - 287
2,4,"Sanford, Swift and Hegmann - 288"
2,4,Schamberger - Kirlin - 289
2,4,"Ruecker, King and Muller - 290"
2,4,"Rowe, Emard and Shields - 291"
2,4,"Gerhold, Wunsch and Beatty - 292"
2,4,"Stracke, Bergstrom and Aufderhar - 293"
2,4,"Conroy, Welch and Zemlak - 294"
2,4,Hintz and Sons - 295
2,4,Shanahan LLC - 296
2,4,Hegmann - Bosco - 297
2,4,Stehr - Runolfsdottir - 298
2,4,"Weber, VonRueden and Johns - 299"
2,4,"Hessel, Glover and Tillman - 300"
3,4,Jaskolski LLC - 301
3,4,Gusikowski - Senger - 302
3,4,Wehner - Lubowitz - 303
3,4,"Barrows, Dach and Veum - 304"
3,4,Goldner LLC - 305
3,4,Hayes Group - 306
3,4,Hickle - Hilpert - 307
3,4,Hegmann LLC - 308
3,4,Rice - Glover - 309
3,4,Yundt and Sons - 310
3,4,Watsica - Pollich - 311
3,4,Sipes LLC - 312
3,4,Bashirian and Sons - 313
3,4,"Veum, Sipes and Mraz - 314"
3,4,Considine - Roob - 315
4,4,Smitham - Douglas - 316
4,4,Bechtelar and Sons - 317
4,4,"Lakin, Feil and MacGyver - 318"
4,4,"Boyle, Kirlin and Kris - 319"
4,4,Von - Waelchi - 320
4,4,Pfannerstill Group - 321
4,4,"Conroy, Beer and Stark - 322"
4,4,"Powlowski, McClure and Lubowitz - 323"
4,4,"Waelchi, Stoltenberg and McCullough - 324"
4,4,Hartmann LLC - 325
4,4,Hettinger and Sons - 326
4,4,Gerlach - Cremin - 327
4,4,Bosco LLC - 328
4,4,Littel - Klocko - 329
4,4,Hermann Group - 330
5,4,"Greenfelder, Huels and Blick - 331"
5,4,Farrell - Maggio - 332
5,4,Erdman - Spencer - 333
5,4,Carter LLC - 334
5,4,Buckridge Group - 335
5,4,"Kautzer, Hills and Carter - 336"
5,4,Rempel - Christiansen - 337
5,4,Lebsack - Paucek - 338
5,4,"Fahey, Rau and Daugherty - 339"
5,4,Gleichner - Pagac - 340
5,4,Hintz Inc - 341
5,4,Schroeder - Orn - 342
5,4,Morar - Koelpin - 343
5,4,Harvey Group - 344
5,4,Schneider - Medhurst - 345
6,4,Hayes - Johnston - 346
6,4,"O'Kon, McLaughlin and Wunsch - 347"
6,4,"Jacobs, Christiansen and Stiedemann - 348"
6,4,Mills Group - 349
6,4,Kutch LLC - 350
6,4,Jacobson - Rau - 351
6,4,Jenkins LLC - 352
6,4,Powlowski Group - 353
6,4,"Gottlieb, Auer and Quigley - 354"
6,4,Hettinger Inc - 355
6,4,Swift - Hartmann - 356
6,4,"Cruickshank, Kutch and Lueilwitz - 357"
6,4,Graham Inc - 358
6,4,Satterfield Inc - 359
6,4,Kovacek LLC - 360
7,4,Abernathy - Schaden - 361
7,4,"Grady, Rice and Trantow - 362"
7,4,Wiza and Sons - 363
7,4,"Thiel, Bartell and Berge - 364"
7,4,Kling LLC - 365
7,4,"Yundt, Denesik and Swift - 366"
7,4,Mraz Inc - 367
7,4,Gottlieb and Sons - 368
7,4,"Abshire, Buckridge and Feest - 369"
7,4,Leuschke - Wilkinson - 370
7,4,Fritsch - Harber - 371
7,4,Baumbach LLC - 372
7,4,Ward - Gibson - 373
7,4,Wintheiser Group - 374
7,4,Quigley Group - 375
8,4,Muller LLC - 376
8,4,Lakin - Funk - 377
8,4,Gusikowski LLC - 378
8,4,Gleichner Group - 379
8,4,Kunze and Sons - 380
8,4,Monahan - Greenholt - 381
8,4,Nitzsche - Halvorson - 382
8,4,"Ryan, Ortiz and Strosin - 383"
8,4,Huels - Kihn - 384
8,4,"Green, Okuneva and Kub - 385"
8,4,Bernhard - Marks - 386
8,4,Beier - O'Hara - 387
8,4,Welch - Mante - 388
8,4,Monahan Group - 389
8,4,Moen Group - 390
9,4,"Mayer, Pouros and Gibson - 391"
9,4,"Fadel, Breitenberg and Macejkovic - 392"
9,4,Hackett - Littel - 393
9,4,Stokes - Waters - 394
9,4,"Bednar, Mann and Huel - 395"
9,4,Moen and Sons - 396
9,4,"Pouros, Barton and Abbott - 397"
9,4,Ondricka and Sons - 398
9,4,Wiza - Moore - 399
9,4,Oberbrunner - Ondricka - 400
9,4,"Johnson, Hessel and Jerde - 401"
9,4,McLaughlin - McClure - 402
9,4,Jenkins - Barton - 403
9,4,Veum - Powlowski - 404
9,4,Ward - Hermiston - 405
10,4,Lynch LLC - 406
10,4,Hettinger Inc - 407
10,4,Little - Carter - 408
10,4,"Legros, Spencer and Spinka - 409"
10,4,Boehm - Heaney - 410
10,4,Ullrich - Feil - 411
10,4,Bogisich - Crona - 412
10,4,Parker Inc - 413
10,4,Spinka - Hilll - 414
10,4,Oberbrunner Group - 415
10,4,Turner Inc - 416
10,4,"Hartmann, Harvey and Muller - 417"
10,4,Durgan - Brown - 418
10,4,Kihn - Kirlin - 419
10,4,"Turcotte, Runolfsson and Willms - 420"
11,4,Haag - Johnson - 421
11,4,Bechtelar Group - 422
11,4,"D'Amore, O'Keefe and Hills - 423"
11,4,"Friesen, Kozey and Shields - 424"
11,4,Wolff Inc - 425
11,4,Berge Inc - 426
11,4,"Hansen, Treutel and Fadel - 427"
11,4,Kuhlman Inc - 428
11,4,Kozey - Ortiz - 429
11,4,Swift - Jerde - 430
11,4,O'Hara - Rodriguez - 431
11,4,Leannon and Sons - 432
11,4,Murray and Sons - 433
11,4,Smith - Smitham - 434
11,4,Crona - Rippin - 435
12,4,"Farrell, Hilpert and Macejkovic - 436"
12,4,Hand - Strosin - 437
12,4,Hahn Inc - 438
12,4,"Weissnat, Kirlin and Effertz - 439"
12,4,"Macejkovic, Runte and Toy - 440"
12,4,"Heidenreich, Wolff and Wisoky - 441"
12,4,Rosenbaum Inc - 442
12,4,Shanahan - Rempel - 443
12,4,Funk - Windler - 444
12,4,Kling - Adams - 445
12,4,Denesik - Rolfson - 446
12,4,"Glover, Boyle and Schiller - 447"
12,4,Nienow and Sons - 448
12,4,"Zieme, Zemlak and Fritsch - 449"
12,4,Langworth - Cruickshank - 450
1,5,"Legros, Brakus and Lang - 451"
1,5,"Hansen, Hansen and Lindgren - 452"
1,5,"Donnelly, Sawayn and Crona - 453"
1,5,Ratke - Raynor - 454
1,5,Johnston Group - 455
1,5,"Mraz, Williamson and Feest - 456"
1,5,Luettgen Group - 457
1,5,"Dickens, Greenfelder and Lynch - 458"
1,5,Howe - Herman - 459
1,5,"Trantow, D'Amore and Bechtelar - 460"
1,5,Kohler Inc - 461
1,5,"Monahan, Ondricka and Ebert - 462"
1,5,Hessel and Sons - 463
1,5,"Rodriguez, Farrell and Beahan - 464"
1,5,Pfeffer Inc - 465
2,5,Berge and Sons - 466
2,5,Fadel - Keeling - 467
2,5,"Hilpert, Blanda and Conroy - 468"
2,5,"Jerde, Wolff and Weimann - 469"
2,5,Gaylord - Wyman - 470
2,5,Hermiston LLC - 471
2,5,Conroy LLC - 472
2,5,Stanton and Sons - 473
2,5,Beier - Friesen - 474
2,5,"Kling, Feeney and Christiansen - 475"
2,5,"Reichert, Beahan and Lindgren - 476"
2,5,"Kutch, Turner and Boyle - 477"
2,5,Pfeffer - Metz - 478
2,5,Bayer - Haag - 479
2,5,Schmitt LLC - 480
3,5,Beatty - O'Conner - 481
3,5,Romaguera LLC - 482
3,5,"Schowalter, Gleason and Davis - 483"
3,5,Glover - O'Keefe - 484
3,5,Goodwin and Sons - 485
3,5,Balistreri - Krajcik - 486
3,5,Howell and Sons - 487
3,5,Runte - Blanda - 488
3,5,Russel and Sons - 489
3,5,Dach - Ondricka - 490
3,5,"Lemke, Simonis and Blick - 491"
3,5,Hane Group - 492
3,5,"Reinger, Kessler and McKenzie - 493"
3,5,Lemke - Stark - 494
3,5,"Kozey, Wehner and McGlynn - 495"
4,5,Wisoky - Green - 496
4,5,Emard - Bins - 497
4,5,Streich Inc - 498
4,5,"Bins, Kuhn and Braun - 499"
4,5,Powlowski Group - 500
4,5,Marks Inc - 501
4,5,D'Amore - Schmidt - 502
4,5,Runte LLC - 503
4,5,Brown - Ward - 504
4,5,Morissette - Roob - 505
4,5,Wehner - Leannon - 506
4,5,Hand - Balistreri - 507
4,5,"Larson, Yundt and Klocko - 508"
4,5,Larson Group - 509
4,5,"Mraz, Osinski and Parker - 510"
5,5,Parisian - Rohan - 511
5,5,Braun Group - 512
5,5,"Zulauf, Hane and Koelpin - 513"
5,5,Nienow - Zulauf - 514
5,5,Haley and Sons - 515
5,5,"Watsica, Walter and Tromp - 516"
5,5,Keeling - MacGyver - 517
5,5,Becker - Bogan - 518
5,5,Little LLC - 519
5,5,"Jaskolski, Willms and Donnelly - 520"
5,5,Bogisich - Boehm - 521
5,5,Crona - Cremin - 522
5,5,"Schulist, Hudson and Nikolaus - 523"
5,5,Hodkiewicz - Glover - 524
5,5,"McDermott, Block and Powlowski - 525"
6,5,Becker Inc - 526
6,5,Stehr and Sons - 527
6,5,"Tromp, Lebsack and Padberg - 528"
6,5,Kihn - Denesik - 529
6,5,"Hand, MacGyver and Dickinson - 530"
6,5,Homenick LLC - 531
6,5,Orn - Bernier - 532
6,5,Towne LLC - 533
6,5,"Ebert, Spencer and Runolfsson - 534"
6,5,Welch - Leffler - 535
6,5,"Braun, Stracke and Murphy - 536"
6,5,Leuschke - Murphy - 537
6,5,"Satterfield, Rohan and Fay - 538"
6,5,"Lebsack, Buckridge and Brown - 539"
6,5,Witting - Aufderhar - 540
7,5,Bode - Hane - 541
7,5,Moore Group - 542
7,5,"Feest, Larson and Watsica - 543"
7,5,Carter - Koch - 544
7,5,"Rempel, Erdman and Bogan - 545"
7,5,"Hauck, Purdy and Jerde - 546"
7,5,Walsh - Toy - 547
7,5,Weissnat Group - 548
7,5,Hoppe - Leffler - 549
7,5,Hackett Group - 550
7,5,Goldner - Okuneva - 551
7,5,Bergnaum - Kling - 552
7,5,"Hartmann, Cole and Funk - 553"
7,5,Bruen - Hessel - 554
7,5,"Cormier, Mosciski and Barrows - 555"
8,5,"Weimann, Tremblay and Heaney - 556"
8,5,Jast Group - 557
8,5,Kunde - Lind - 558
8,5,Parker LLC - 559
8,5,Kuhn LLC - 560
8,5,Russel Group - 561
8,5,"Breitenberg, Hilpert and Auer - 562"
8,5,Wisozk - Dicki - 563
8,5,Wintheiser - Feeney - 564
8,5,Upton LLC - 565
8,5,"Lemke, O'Conner and Cole - 566"
8,5,Wunsch Inc - 567
8,5,Hudson Inc - 568
8,5,Block - Flatley - 569
8,5,Bahringer - Feil - 570
9,5,Toy - Maggio - 571
9,5,Konopelski LLC - 572
9,5,"Parisian, Zemlak and Weissnat - 573"
9,5,Osinski Inc - 574
9,5,"Huel, Haag and Hegmann - 575"
9,5,"Runolfsdottir, Russel and Gaylord - 576"
9,5,Graham LLC - 577
9,5,Will - Collier - 578
9,5,"Jones, Vandervort and Abshire - 579"
9,5,McDermott LLC - 580
9,5,"Hand, Bogan and Kunde - 581"
9,5,Bailey Group - 582
9,5,Pouros and Sons - 583
9,5,Pfannerstill Inc - 584
9,5,Torp - Ortiz - 585
10,5,Tromp Inc - 586
10,5,Brakus - Howell - 587
10,5,"Koelpin, McGlynn and Volkman - 588"
10,5,Luettgen - Dach - 589
10,5,Nikolaus LLC - 590
10,5,Labadie and Sons - 591
10,5,Tromp - Zulauf - 592
10,5,"Satterfield, Lemke and Little - 593"
10,5,Stroman and Sons - 594
10,5,Heathcote Group - 595
10,5,Mitchell - Koepp - 596
10,5,Wunsch LLC - 597
10,5,"Beatty, Toy and Schaden - 598"
10,5,Auer and Sons - 599
10,5,"Haag, Swaniawski and Mosciski - 600"
11,5,"Watsica, Klein and Haag - 601"
11,5,Deckow - Cronin - 602
11,5,Lemke - Schamberger - 603
11,5,"MacGyver, Ryan and Schulist - 604"
11,5,"Glover, Mann and Schmitt - 605"
11,5,"Littel, Kris and Hintz - 606"
11,5,Hagenes - Lind - 607
11,5,Shields Inc - 608
11,5,Murphy LLC - 609
11,5,Lockman - Torphy - 610
11,5,"Kreiger, Barton and Baumbach - 611"
11,5,Lowe and Sons - 612
11,5,"Harris, Hane and Kunde - 613"
11,5,Pfeffer Group - 614
11,5,Kshlerin - Volkman - 615
12,5,Balistreri Inc - 616
12,5,Murray LLC - 617
12,5,Lueilwitz - Reichel - 618
12,5,O'Keefe - Ratke - 619
12,5,"Walker, Hegmann and Schultz - 620"
12,5,Feest Group - 621
12,5,"Kertzmann, Bechtelar and Haag - 622"
12,5,Kerluke Group - 623
12,5,"Denesik, Cormier and Labadie - 624"
12,5,"Schmitt, Lakin and Kozey - 625"
12,5,Langworth Inc - 626
12,5,Steuber - Batz - 627
12,5,Ritchie LLC - 628
12,5,"Heidenreich, Wunsch and Blick - 629"
12,5,Lueilwitz and Sons - 630
13,5,"Marvin, Hahn and Olson - 631"
13,5,O'Connell Group - 632
13,5,Kerluke and Sons - 633
13,5,Hilpert - Gusikowski - 634
13,5,Cole Group - 635
13,5,"Corwin, Kirlin and Schiller - 636"
13,5,Price LLC - 637
13,5,Rowe - Hintz - 638
13,5,"Gleason, Altenwerth and Legros - 639"
13,5,Pagac - Jones - 640
13,5,Fadel and Sons - 641
13,5,"Conroy, Kulas and Fisher - 642"
13,5,Vandervort - Howe - 643
13,5,"Boehm, Breitenberg and Reilly - 644"
13,5,Windler Inc - 645
14,5,Dibbert Inc - 646
14,5,"Bauch, Treutel and Lindgren - 647"
14,5,Langosh - Cassin - 648
14,5,Vandervort and Sons - 649
14,5,"Becker, Rowe and O'Conner - 650"
14,5,"Hettinger, Hilll and Smith - 651"
14,5,"Hauck, Ebert and Gottlieb - 652"
14,5,"Kozey, Haley and Schultz - 653"
14,5,"Altenwerth, Klocko and Schamberger - 654"
14,5,Gibson - Schulist - 655
14,5,"Toy, Kub and Schimmel - 656"
14,5,"Powlowski, Murphy and Cormier - 657"
14,5,Windler and Sons - 658
14,5,Dicki Inc - 659
14,5,Hackett Group - 660
15,5,"Pagac, Batz and Bradtke - 661"
15,5,Mohr LLC - 662
15,5,"Brown, Lakin and Jenkins - 663"
15,5,Ledner - Blick - 664
15,5,"Shields, Parisian and Kemmer - 665"
15,5,Gislason - Kemmer - 666
15,5,Bashirian - Jacobs - 667
15,5,Rath and Sons - 668
15,5,Wunsch LLC - 669
15,5,DuBuque - Bahringer - 670
15,5,"Metz, Olson and Roob - 671"
15,5,Turcotte LLC - 672
15,5,Luettgen - Rath - 673
15,5,"Zemlak, Koss and Graham - 674"
15,5,"Ortiz, Douglas and Treutel - 675"
1,6,King and Sons - 676
1,6,Lubowitz - Pfannerstill - 677
1,6,Russel Inc - 678
1,6,Schiller - Gislason - 679
1,6,Barrows - Daugherty - 680
1,6,Wisozk - Stroman - 681
1,6,Gerhold Inc - 682
1,6,"Kuhn, McDermott and Koelpin - 683"
1,6,Maggio - Swift - 684
1,6,Nolan - Lebsack - 685
1,6,Lowe Inc - 686
1,6,"Runte, Hudson and Gutmann - 687"
1,6,Gaylord - Haley - 688
1,6,Senger - O'Keefe - 689
1,6,Hintz and Sons - 690
2,6,"Wunsch, Mueller and Breitenberg - 691"
2,6,Hirthe - Paucek - 692
2,6,Berge Group - 693
2,6,Borer - O'Connell - 694
2,6,Schroeder - Frami - 695
2,6,Graham LLC - 696
2,6,Kuhic - Kris - 697
2,6,Greenholt Group - 698
2,6,"Hyatt, Gottlieb and MacGyver - 699"
2,6,Kshlerin Group - 700
2,6,Mitchell - Hodkiewicz - 701
2,6,"Bechtelar, Lowe and Kulas - 702"
2,6,"Crist, McCullough and Quigley - 703"
2,6,Schaden - Block - 704
2,6,Nikolaus - Mills - 705
3,6,"Tremblay, Moore and Friesen - 706"
3,6,"Leuschke, Ortiz and Hamill - 707"
3,6,Dooley and Sons - 708
3,6,Prosacco and Sons - 709
3,6,Stoltenberg LLC - 710
3,6,"Klocko, D'Amore and Green - 711"
3,6,Lowe Inc - 712
3,6,"Raynor, Harber and Hyatt - 713"
3,6,Schmitt and Sons - 714
3,6,"Schiller, Crooks and Friesen - 715"
3,6,"Bauch, Goldner and Johnson - 716"
3,6,"Runolfsdottir, Schmeler and Pagac - 717"
3,6,Lebsack - Mayer - 718
3,6,"Kutch, Lynch and Quigley - 719"
3,6,"Langosh, Mills and Stroman - 720"
4,6,Hoeger and Sons - 721
4,6,Pollich LLC - 722
4,6,Dicki LLC - 723
4,6,McLaughlin LLC - 724
4,6,Dare and Sons - 725
4,6,Wolff - Hayes - 726
4,6,Will - Gutmann - 727
4,6,Ortiz LLC - 728
4,6,Anderson - Huels - 729
4,6,Sporer - Wilderman - 730
4,6,Hettinger - Hills - 731
4,6,"Homenick, Nienow and Wintheiser - 732"
4,6,Marvin and Sons - 733
4,6,Lemke and Sons - 734
4,6,Buckridge - Gutmann - 735
5,6,Ritchie - Bernhard - 736
5,6,Walker - Weimann - 737
5,6,Brakus - Bernier - 738
5,6,Hartmann - Wisoky - 739
5,6,"Conn, Bauch and Kunde - 740"
5,6,Mann Group - 741
5,6,Strosin - Bernier - 742
5,6,Kerluke - Koelpin - 743
5,6,"Hyatt, Sawayn and Schamberger - 744"
5,6,"O'Connell, Kling and D'Amore - 745"
5,6,Smith - Raynor - 746
5,6,Hermiston LLC - 747
5,6,Gleichner - Volkman - 748
5,6,Bayer - Heller - 749
5,6,Pollich Inc - 750
6,6,Ankunding - Welch - 751
6,6,Leuschke - McClure - 752
6,6,"Swaniawski, Waelchi and Towne - 753"
6,6,Hilll LLC - 754
6,6,Kuvalis - Auer - 755
6,6,"Harvey, Pollich and Kling - 756"
6,6,McClure and Sons - 757
6,6,"Schiller, Bednar and Pfeffer - 758"
6,6,Koepp Inc - 759
6,6,Cronin - Ruecker - 760
6,6,"Rau, Raynor and Franecki - 761"
6,6,Daugherty Inc - 762
6,6,"Sauer, Boyer and Becker - 763"
6,6,"Glover, Breitenberg and Schultz - 764"
6,6,"Hoppe, Greenholt and Leuschke - 765"
7,6,Beier - Hudson - 766
7,6,"Abbott, Hand and King - 767"
7,6,Sipes Inc - 768
7,6,Moore LLC - 769
7,6,Pfannerstill - Hessel - 770
7,6,"Dooley, Jones and Hoppe - 771"
7,6,"Mante, Wolf and Rice - 772"
7,6,Wisoky LLC - 773
7,6,Farrell Group - 774
7,6,Pagac LLC - 775
7,6,"Kris, Will and Gorczany - 776"
7,6,"Reynolds, Frami and Ankunding - 777"
7,6,O'Hara - Mayer - 778
7,6,Marks - Schmitt - 779
7,6,Hartmann Group - 780
8,6,Stamm - Gottlieb - 781
8,6,"Heathcote, Jacobs and Von - 782"
8,6,VonRueden - Johns - 783
8,6,Kuhic Group - 784
8,6,Upton Inc - 785
8,6,"Kuphal, Cronin and Nienow - 786"
8,6,Johns Inc - 787
8,6,"Franecki, Quigley and Schiller - 788"
8,6,Gulgowski Group - 789
8,6,"Price, Smitham and Zemlak - 790"
8,6,Hermiston and Sons - 791
8,6,"Terry, Satterfield and Lakin - 792"
8,6,Cronin - Schiller - 793
8,6,"Rath, Satterfield and Oberbrunner - 794"
8,6,"Lynch, Luettgen and Gerhold - 795"
9,6,Shields - Powlowski - 796
9,6,"Labadie, Gulgowski and Hessel - 797"
9,6,Schultz Inc - 798
9,6,Goyette - Bauch - 799
9,6,"Hackett, MacGyver and Orn - 800"
9,6,Wunsch - Ullrich - 801
9,6,"Gerhold, Durgan and Hilll - 802"
9,6,Lind and Sons - 803
9,6,"Crooks, Romaguera and Goldner - 804"
9,6,"Auer, Anderson and Hansen - 805"
9,6,"Grady, Hegmann and Nolan - 806"
9,6,Mraz - Reichert - 807
9,6,"Bergstrom, Bartoletti and Cummerata - 808"
9,6,Ledner LLC - 809
9,6,Gorczany - Mohr - 810
10,6,Vandervort Group - 811
10,6,Walsh LLC - 812
10,6,Schowalter - Marks - 813
10,6,MacGyver LLC - 814
10,6,"Yundt, Schuster and Miller - 815"
10,6,Kerluke LLC - 816
10,6,"Vandervort, Jones and Cormier - 817"
10,6,Gleason LLC - 818
10,6,Kuhn - Bernhard - 819
10,6,Rosenbaum - Goyette - 820
10,6,"Wehner, Bergnaum and Okuneva - 821"
10,6,Harris - Orn - 822
10,6,Ledner and Sons - 823
10,6,Ruecker - Feeney - 824
10,6,"Thiel, Baumbach and Wyman - 825"
11,6,Koss - Hane - 826
11,6,Runolfsdottir Group - 827
11,6,"Zieme, Berge and Greenfelder - 828"
11,6,Mann - Anderson - 829
11,6,Stamm Group - 830
11,6,Barrows Inc - 831
11,6,"Deckow, Bergstrom and Kub - 832"
11,6,King - Kub - 833
11,6,Spencer - Kozey - 834
11,6,"Schaefer, Rodriguez and Harber - 835"
11,6,Okuneva and Sons - 836
11,6,"Grady, Hodkiewicz and Wuckert - 837"
11,6,Kunze and Sons - 838
11,6,"Schneider, Murphy and Ondricka - 839"
11,6,Schuster LLC - 840
12,6,Beer Group - 841
12,6,Murray - Johnston - 842
12,6,Thompson LLC - 843
12,6,Breitenberg - Herzog - 844
12,6,Pacocha Inc - 845
12,6,Ernser - Funk - 846
12,6,"Hayes, Carter and Morar - 847"
12,6,"Medhurst, Fritsch and O'Kon - 848"
12,6,Koelpin - Schmidt - 849
12,6,Bauch Group - 850
12,6,"Nicolas, Olson and Baumbach - 851"
12,6,"Durgan, Mraz and Mitchell - 852"
12,6,Carroll - Lakin - 853
12,6,Hettinger and Sons - 854
12,6,Goyette - Raynor - 855
13,6,"Krajcik, Gorczany and Turcotte - 856"
13,6,Senger Inc - 857
13,6,Bauch - Hahn - 858
13,6,"Jaskolski, Mosciski and Kuhlman - 859"
13,6,"Rodriguez, Macejkovic and Dicki - 860"
13,6,"Cole, Kirlin and MacGyver - 861"
13,6,"Crooks, Hahn and Crona - 862"
13,6,"Howe, Ebert and Conn - 863"
13,6,Ullrich - Bednar - 864
13,6,Leannon - Conn - 865
13,6,Hauck - Kautzer - 866
13,6,Rohan and Sons - 867
13,6,Gutkowski - Rippin - 868
13,6,Goodwin LLC - 869
13,6,Schimmel Inc - 870
14,6,"Metz, Mraz and Kozey - 871"
14,6,"Lang, Reichel and Ankunding - 872"
14,6,"Kunde, Stamm and Luettgen - 873"
14,6,"Bauch, Wunsch and Kessler - 874"
14,6,Gleason - VonRueden - 875
14,6,"Runte, Keebler and Hilpert - 876"
14,6,"Padberg, Prosacco and Schmitt - 877"
14,6,Skiles Inc - 878
14,6,Grant - Kozey - 879
14,6,Thompson Group - 880
14,6,Lesch and Sons - 881
14,6,"Carter, Daugherty and Volkman - 882"
14,6,"Carter, Walker and Bauch - 883"
14,6,Conn and Sons - 884
14,6,Sauer LLC - 885
15,6,"Kunze, Bogisich and Kilback - 886"
15,6,"King, Kuphal and Connelly - 887"
15,6,Fay - Schumm - 888
15,6,Grimes - Senger - 889
15,6,Langworth Group - 890
15,6,Hoppe - Batz - 891
15,6,"Kuhic, Macejkovic and Conn - 892"
15,6,"Brown, Koch and Langosh - 893"
15,6,Yundt Group - 894
15,6,Herzog Inc - 895
15,6,"Gutmann, Dach and Ernser - 896"
15,6,Pagac - Hoeger - 897
15,6,"Ullrich, Lesch and Rippin - 898"
15,6,Connelly - Reilly - 899
15,6,Hills and Sons - 900
16,6,Brakus and Sons - 901
16,6,"Beier, Berge and Feil - 902"
16,6,"Nicolas, Mraz and Towne - 903"
16,6,"Hayes, Krajcik and Marks - 904"
16,6,"Gulgowski, Huels and Rohan - 905"
16,6,Cummerata Inc - 906
16,6,"Larson, Grant and Weissnat - 907"
16,6,Bergstrom LLC - 908
16,6,"Jast, Moore and Steuber - 909"
16,6,"Von, Leuschke and Smith - 910"
16,6,Durgan Inc - 911
16,6,"Koelpin, Fadel and Kessler - 912"
16,6,Feil - Schmeler - 913
16,6,"Runolfsdottir, Labadie and Marquardt - 914"
16,6,"Buckridge, Kihn and Lesch - 915"
17,6,"Mueller, Durgan and Herman - 916"
17,6,Barton - Emard - 917
17,6,"Abbott, Effertz and Pfeffer - 918"
17,6,"Denesik, Hirthe and Shields - 919"
17,6,"Stoltenberg, Lebsack and Friesen - 920"
17,6,"Morar, Adams and O'Kon - 921"
17,6,"Denesik, Heller and Cronin - 922"
17,6,"Turcotte, Bahringer and Miller - 923"
17,6,Hodkiewicz LLC - 924
17,6,"Homenick, Aufderhar and Schmidt - 925"
17,6,Sipes - Swaniawski - 926
17,6,"Oberbrunner, Mann and McLaughlin - 927"
17,6,Sauer Group - 928
17,6,O'Connell Group - 929
17,6,O'Keefe LLC - 930
18,6,Osinski and Sons - 931
18,6,Dach Group - 932
18,6,"Watsica, Roob and Glover - 933"
18,6,Walsh - Mraz - 934
18,6,Roberts and Sons - 935
18,6,Dietrich - Rempel - 936
18,6,Beier - Will - 937
18,6,Hansen Inc - 938
18,6,Wintheiser LLC - 939
18,6,"Torphy, Runolfsdottir and McLaughlin - 940"
18,6,"Beahan, Kulas and Sipes - 941"
18,6,"Dicki, Weber and Rempel - 942"
18,6,"Jenkins, O'Conner and Bosco - 943"
18,6,"Leuschke, Hills and Stanton - 944"
18,6,"Ferry, Johnson and Leuschke - 945"
1,7,Stamm - Orn - 946
1,7,"Goodwin, Moen and Wyman - 947"
1,7,"Bayer, Murray and McGlynn - 948"
1,7,"Sipes, Mertz and Rutherford - 949"
1,7,Gulgowski Inc - 950
1,7,Mertz - Swift - 951
1,7,Christiansen - D'Amore - 952
1,7,"Considine, Durgan and Jaskolski - 953"
1,7,"Bartell, McGlynn and Dare - 954"
1,7,"Lebsack, Corkery and Lakin - 955"
1,7,Marquardt and Sons - 956
1,7,"Oberbrunner, Torphy and Emard - 957"
1,7,Douglas - Ziemann - 958
1,7,"Dickinson, Macejkovic and Quigley - 959"
1,7,"Ward, Weissnat and Schroeder - 960"
2,7,Runolfsdottir - Runte - 961
2,7,"Rippin, Greenfelder and Jerde - 962"
2,7,"Hayes, Gerlach and Daniel - 963"
2,7,Koch LLC - 964
2,7,Hudson - Tillman - 965
2,7,Turcotte LLC - 966
2,7,Langworth Inc - 967
2,7,Daniel - Bednar - 968
2,7,Simonis LLC - 969
2,7,"Rau, Lang and Von - 970"
2,7,"Thiel, Jacobson and Wiza - 971"
2,7,"Brown, Veum and Schroeder - 972"
2,7,Osinski and Sons - 973
2,7,Ullrich and Sons - 974
2,7,"Klein, Simonis and Cummerata - 975"
3,7,Tremblay Group - 976
3,7,"Bergnaum, Reichert and Gerhold - 977"
3,7,Kiehn and Sons - 978
3,7,Huels Group - 979
3,7,Stracke LLC - 980
3,7,Ernser Inc - 981
3,7,Pfannerstill and Sons - 982
3,7,Hoeger Group - 983
3,7,Wisozk Group - 984
3,7,Crona and Sons - 985
3,7,Lind - Kshlerin - 986
3,7,Will Group - 987
3,7,"Leuschke, Medhurst and Schamberger - 988"
3,7,Ward - Bartell - 989
3,7,Hermann - Lubowitz - 990
4,7,"Bruen, Dare and Greenholt - 991"
4,7,"Thiel, Rosenbaum and Wiegand - 992"
4,7,Pagac Inc - 993
4,7,Fritsch - Sawayn - 994
4,7,"Frami, Reilly and Durgan - 995"
4,7,Hamill - Hoeger - 996
4,7,Walker - Jerde - 997
4,7,Hintz - Welch - 998
4,7,Abernathy - Jakubowski - 999
4,7,Trantow Group - 1000
4,7,Gerlach - Romaguera - 1001
4,7,Ankunding Inc - 1002
4,7,Johns - Pollich - 1003
4,7,Lubowitz - Bosco - 1004
4,7,"Johns, Powlowski and Douglas - 1005"
5,7,Altenwerth and Sons - 1006
5,7,Wuckert Inc - 1007
5,7,Kreiger Group - 1008
5,7,"Thompson, Kshlerin and Ledner - 1009"
5,7,"Kohler, Auer and Upton - 1010"
5,7,Spencer - Rutherford - 1011
5,7,"Stroman, Kiehn and Bogisich - 1012"
5,7,Koss Group - 1013
5,7,Kemmer - Gottlieb - 1014
5,7,Parisian - Champlin - 1015
5,7,"Rutherford, Trantow and Schinner - 1016"
5,7,Rogahn - Hackett - 1017
5,7,Kreiger - Dickens - 1018
5,7,Bode - Thiel - 1019
5,7,"Upton, Johnson and Pacocha - 1020"
6,7,"Kshlerin, Bauch and Purdy - 1021"
6,7,"Botsford, Grimes and Wisozk - 1022"
6,7,Dickinson - Upton - 1023
6,7,O'Connell LLC - 1024
6,7,Pacocha LLC - 1025
6,7,"Johnston, Friesen and Jones - 1026"
6,7,"Bernhard, Goyette and Grimes - 1027"
6,7,"Jaskolski, Rice and Johnson - 1028"
6,7,Halvorson Inc - 1029
6,7,Zulauf and Sons - 1030
6,7,Purdy Inc - 1031
6,7,"Stark, Reilly and Pfeffer - 1032"
6,7,Gutkowski - Mueller - 1033
6,7,"Ebert, Renner and Beier - 1034"
6,7,"Legros, Rice and West - 1035"
7,7,Blanda - Crona - 1036
7,7,Casper - Jacobi - 1037
7,7,"Kreiger, Lehner and Streich - 1038"
7,7,Thompson - Ritchie - 1039
7,7,Will - Shields - 1040
7,7,Roob LLC - 1041
7,7,Dickinson LLC - 1042
7,7,Collier LLC - 1043
7,7,Monahan - Krajcik - 1044
7,7,"Lind, Gislason and Murphy - 1045"
7,7,"O'Reilly, Sanford and Gorczany - 1046"
7,7,"Leffler, Bernier and Larkin - 1047"
7,7,Fisher - Rosenbaum - 1048
7,7,Schuster Group - 1049
7,7,Beier Group - 1050
8,7,White - Kessler - 1051
8,7,Ernser - Smitham - 1052
8,7,Cremin - Hamill - 1053
8,7,"Marvin, Marquardt and Cummerata - 1054"
8,7,"Murray, Renner and Koelpin - 1055"
8,7,Abernathy Group - 1056
8,7,Ziemann Inc - 1057
8,7,Paucek - Franecki - 1058
8,7,"Renner, Barrows and Altenwerth - 1059"
8,7,"Sipes, Kuhic and Trantow - 1060"
8,7,"Hudson, Wiza and Sauer - 1061"
8,7,Hilll - Cormier - 1062
8,7,Beatty Inc - 1063
8,7,"Sauer, Sawayn and Bergstrom - 1064"
8,7,Feest LLC - 1065
9,7,"Zboncak, Hackett and Sauer - 1066"
9,7,McKenzie Group - 1067
9,7,Gislason - Cole - 1068
9,7,Stamm Group - 1069
9,7,"Rosenbaum, Pollich and Senger - 1070"
9,7,"Romaguera, Harber and Gulgowski - 1071"
9,7,Fadel Group - 1072
9,7,"Hessel, Barrows and Boyer - 1073"
9,7,Rohan LLC - 1074
9,7,Murazik Group - 1075
9,7,Sipes Inc - 1076
9,7,"Howe, Paucek and Mohr - 1077"
9,7,Denesik and Sons - 1078
9,7,Ullrich Group - 1079
9,7,Hermiston - Beier - 1080
10,7,"Mertz, Ruecker and Rolfson - 1081"
10,7,Mayer - Ledner - 1082
10,7,"O'Hara, Funk and Harris - 1083"
10,7,Simonis - Rutherford - 1084
10,7,Nikolaus - Wintheiser - 1085
10,7,Lubowitz - Emard - 1086
10,7,Barton - Shanahan - 1087
10,7,"Kreiger, Kemmer and Kerluke - 1088"
10,7,"Murray, Tillman and Armstrong - 1089"
10,7,"Kunde, Stiedemann and Pfeffer - 1090"
10,7,O'Keefe - O'Keefe - 1091
10,7,Bosco - Hamill - 1092
10,7,"Hettinger, Lemke and Schuster - 1093"
10,7,"Beatty, Spinka and Bednar - 1094"
10,7,Sauer Group - 1095
11,7,"Carter, Hansen and Harber - 1096"
11,7,Hintz - Crona - 1097
11,7,"Raynor, Hartmann and Grimes - 1098"
11,7,"Thiel, Kunde and Leffler - 1099"
11,7,Lebsack - Rohan - 1100
11,7,Cremin - Towne - 1101
11,7,"Crooks, Russel and Graham - 1102"
11,7,Gorczany - Swaniawski - 1103
11,7,"Lesch, Herman and Buckridge - 1104"
11,7,Ward - Rath - 1105
11,7,Torp and Sons - 1106
11,7,Stokes and Sons - 1107
11,7,"Rath, Nikolaus and Stanton - 1108"
11,7,"Bechtelar, Prohaska and Wolff - 1109"
11,7,Block Inc - 1110
12,7,O'Kon - Tremblay - 1111
12,7,Berge - Bartell - 1112
12,7,"King, Vandervort and Kuhn - 1113"
12,7,Cruickshank - Mohr - 1114
12,7,Jast - Mann - 1115
12,7,Schroeder Inc - 1116
12,7,Veum and Sons - 1117
12,7,Bergnaum - Hilpert - 1118
12,7,"Harris, Durgan and Toy - 1119"
12,7,"Ryan, Farrell and Nolan - 1120"
12,7,Carroll LLC - 1121
12,7,Brown - Rempel - 1122
12,7,"Welch, Boyer and Yundt - 1123"
12,7,Brakus - Crooks - 1124
12,7,Reinger Inc - 1125
13,7,Roob - Steuber - 1126
13,7,Marks - Doyle - 1127
13,7,Yundt Inc - 1128
13,7,"Lakin, Zboncak and Gutmann - 1129"
13,7,Brakus LLC - 1130
13,7,"Leannon, Ebert and Goodwin - 1131"
13,7,MacGyver Group - 1132
13,7,Howe - Bradtke - 1133
13,7,"Reinger, Altenwerth and Bergnaum - 1134"
13,7,"Lowe, Krajcik and Quigley - 1135"
13,7,Schroeder LLC - 1136
13,7,Klocko - Gleichner - 1137
13,7,Nikolaus Group - 1138
13,7,Klein - Heidenreich - 1139
13,7,Hermann Inc - 1140
14,7,Homenick LLC - 1141
14,7,Schoen - Hartmann - 1142
14,7,Torp and Sons - 1143
14,7,Botsford and Sons - 1144
14,7,Willms - Rowe - 1145
14,7,Cremin LLC - 1146
14,7,Kassulke Inc - 1147
14,7,Ferry LLC - 1148
14,7,"Hilll, Gutkowski and Crona - 1149"
14,7,"Witting, Walsh and Hagenes - 1150"
14,7,"Hermann, Barrows and Kessler - 1151"
14,7,"Upton, McKenzie and Waelchi - 1152"
14,7,Dicki and Sons - 1153
14,7,Tillman - Marvin - 1154
14,7,Hahn LLC - 1155
15,7,"Tremblay, Stracke and Lehner - 1156"
15,7,Kuhic and Sons - 1157
15,7,"Heller, Jacobs and Glover - 1158"
15,7,Dietrich - Jerde - 1159
15,7,"Dooley, Reinger and Lind - 1160"
15,7,Strosin - Barrows - 1161
15,7,"Fay, Conroy and Herzog - 1162"
15,7,Tromp and Sons - 1163
15,7,"Labadie, Nitzsche and Heathcote - 1164"
15,7,McCullough LLC - 1165
15,7,"Veum, Bechtelar and Bechtelar - 1166"
15,7,"Lindgren, Stoltenberg and Hudson - 1167"
15,7,Trantow and Sons - 1168
15,7,Mills Group - 1169
15,7,Auer Inc - 1170
16,7,"Bauch, Sauer and Jacobs - 1171"
16,7,"Dibbert, Lemke and Swaniawski - 1172"
16,7,"Reichel, Kassulke and Koss - 1173"
16,7,Bradtke and Sons - 1174
16,7,Langosh - Wunsch - 1175
16,7,Larson - Rempel - 1176
16,7,"Tillman, Greenholt and Gorczany - 1177"
16,7,"Parisian, Fritsch and Armstrong - 1178"
16,7,Windler Group - 1179
16,7,Douglas Group - 1180
16,7,Champlin LLC - 1181
16,7,Walker - Graham - 1182
16,7,Cruickshank and Sons - 1183
16,7,"Bechtelar, Hermiston and Collins - 1184"
16,7,Heller - Ritchie - 1185
17,7,Hilll LLC - 1186
17,7,Lockman - Nikolaus - 1187
17,7,Kuhlman - Gusikowski - 1188
17,7,Bartoletti Inc - 1189
17,7,Macejkovic Inc - 1190
17,7,Hartmann - Breitenberg - 1191
17,7,Bradtke - Turcotte - 1192
17,7,"Hilpert, DuBuque and Hahn - 1193"
17,7,Jast - Kunze - 1194
17,7,Torp - Sanford - 1195
17,7,Bins Group - 1196
17,7,Balistreri - Dooley - 1197
17,7,Hoeger Inc - 1198
17,7,"Adams, Parker and McClure - 1199"
17,7,Green - Ledner - 1200
18,7,"Moen, Satterfield and Hand - 1201"
18,7,Braun - Pacocha - 1202
18,7,Walter - McLaughlin - 1203
18,7,"Turcotte, Aufderhar and Toy - 1204"
18,7,"Rempel, Homenick and Kutch - 1205"
18,7,Hamill LLC - 1206
18,7,"Goldner, Harvey and Thiel - 1207"
18,7,"Wisozk, Greenfelder and Bosco - 1208"
18,7,Adams - Ratke - 1209
18,7,"Walter, Baumbach and Gleichner - 1210"
18,7,Gutmann - Cole - 1211
18,7,Cronin Inc - 1212
18,7,"Breitenberg, Ullrich and Krajcik - 1213"
18,7,Morar - Kunze - 1214
18,7,Bosco - Barton - 1215
19,7,Schmitt Inc - 1216
19,7,"Rutherford, Swaniawski and Witting - 1217"
19,7,"Carter, Braun and Smith - 1218"
19,7,"Funk, Ankunding and Green - 1219"
19,7,"Koss, Hoeger and Wehner - 1220"
19,7,"VonRueden, Kemmer and Goodwin - 1221"
19,7,"Sawayn, White and Ritchie - 1222"
19,7,Carroll - McClure - 1223
19,7,"Stamm, Sauer and Stoltenberg - 1224"
19,7,Crona - Conroy - 1225
19,7,Breitenberg - Wiegand - 1226
19,7,O'Connell and Sons - 1227
19,7,"Schaden, Kuhn and Gibson - 1228"
19,7,Wolf and Sons - 1229
19,7,Goyette - Pfannerstill - 1230
20,7,Harber - Dicki - 1231
20,7,"Murazik, Gulgowski and Daniel - 1232"
20,7,"Hackett, Funk and Farrell - 1233"
20,7,"Pfeffer, Brakus and Hodkiewicz - 1234"
20,7,"Auer, Kunze and Fisher - 1235"
20,7,Mayer - Bartell - 1236
20,7,Paucek - Rogahn - 1237
20,7,Kuhn - Green - 1238
20,7,Olson - Cronin - 1239
20,7,Prosacco - Waters - 1240
20,7,Cassin and Sons - 1241
20,7,"Turcotte, Conroy and Greenfelder - 1242"
20,7,"Zemlak, Kunze and Leffler - 1243"
20,7,Bruen Group - 1244
20,7,Pollich - Ziemann - 1245
21,7,"Hahn, Wisoky and Berge - 1246"
21,7,Ebert Inc - 1247
21,7,"Schimmel, Borer and Bailey - 1248"
21,7,Dach and Sons - 1249
21,7,Koepp - Schulist - 1250
21,7,"Heathcote, Weissnat and Kohler - 1251"
21,7,"Durgan, Dach and Halvorson - 1252"
21,7,Carroll LLC - 1253
21,7,Dickens - Krajcik - 1254
21,7,Dicki - Walsh - 1255
21,7,Mayer - Walter - 1256
21,7,Watsica Inc - 1257
21,7,"Kozey, Lemke and Koss - 1258"
21,7,Schiller - Erdman - 1259
21,7,Koepp LLC - 1260
1,8,Koepp and Sons - 1261
1,8,Fahey and Sons - 1262
1,8,Daniel Group - 1263
1,8,"Harvey, Berge and Renner - 1264"
1,8,Hand Group - 1265
1,8,Greenholt - Willms - 1266
1,8,"Braun, Langworth and Green - 1267"
1,8,Muller - Waelchi - 1268
1,8,Cartwright and Sons - 1269
1,8,Schamberger - Keeling - 1270
1,8,Pouros and Sons - 1271
1,8,Lang - Abbott - 1272
1,8,Welch and Sons - 1273
1,8,"Schmeler, Cormier and Kris - 1274"
1,8,"Kub, Moore and Goyette - 1275"
2,8,Deckow Inc - 1276
2,8,"Funk, Farrell and Johnson - 1277"
2,8,"Weimann, Kuphal and Steuber - 1278"
2,8,Murray LLC - 1279
2,8,Spencer and Sons - 1280
2,8,Walsh - Bosco - 1281
2,8,Hegmann and Sons - 1282
2,8,"Steuber, Funk and Russel - 1283"
2,8,Lynch - Balistreri - 1284
2,8,"Effertz, Marvin and Prohaska - 1285"
2,8,Kshlerin - O'Reilly - 1286
2,8,Renner - Padberg - 1287
2,8,Lang LLC - 1288
2,8,Renner and Sons - 1289
2,8,Mosciski - Beer - 1290
3,8,Greenfelder - Yost - 1291
3,8,"Oberbrunner, Rohan and Turcotte - 1292"
3,8,Lehner Group - 1293
3,8,Fisher - Mueller - 1294
3,8,"Jenkins, Gottlieb and Ritchie - 1295"
3,8,"Rempel, Stanton and Mayer - 1296"
3,8,Wiza and Sons - 1297
3,8,Kassulke - Price - 1298
3,8,"Bruen, McKenzie and Powlowski - 1299"
3,8,Gerlach and Sons - 1300
3,8,DuBuque Group - 1301
3,8,Mann LLC - 1302
3,8,"Kutch, Schmeler and Mayert - 1303"
3,8,Parker - Fritsch - 1304
3,8,Hansen - Harber - 1305
4,8,Stokes - Hessel - 1306
4,8,Lesch - Wisoky - 1307
4,8,Hills - Hermann - 1308
4,8,"Rice, Leuschke and Schoen - 1309"
4,8,"Grimes, Jacobson and Russel - 1310"
4,8,"Kreiger, Walter and Blick - 1311"
4,8,"Huel, Schroeder and Ritchie - 1312"
4,8,"Borer, Rutherford and Carter - 1313"
4,8,"Paucek, Lehner and Dach - 1314"
4,8,"Prohaska, Lebsack and Reilly - 1315"
4,8,Thiel and Sons - 1316
4,8,"Rippin, Stokes and Schowalter - 1317"
4,8,Cartwright - Paucek - 1318
4,8,Wehner - Daniel - 1319
4,8,Mayert - Jacobi - 1320
5,8,Hansen - Hoppe - 1321
5,8,"Ledner, Ritchie and Flatley - 1322"
5,8,Bruen Inc - 1323
5,8,"Buckridge, Kuhic and Doyle - 1324"
5,8,"Johns, Keeling and Crona - 1325"
5,8,Armstrong - Dietrich - 1326
5,8,Abernathy Inc - 1327
5,8,Hagenes and Sons - 1328
5,8,Okuneva and Sons - 1329
5,8,Upton Group - 1330
5,8,Hintz and Sons - 1331
5,8,Hills Inc - 1332
5,8,"Boyle, Carter and Ernser - 1333"
5,8,Cole - Brekke - 1334
5,8,"Ratke, Mitchell and Okuneva - 1335"
6,8,"Schowalter, Bergnaum and Okuneva - 1336"
6,8,Kuhlman - Hansen - 1337
6,8,Christiansen - Little - 1338
6,8,Schulist - Ankunding - 1339
6,8,"Abbott, Brown and Towne - 1340"
6,8,Schroeder Group - 1341
6,8,Reinger - Turner - 1342
6,8,"Cummerata, Hirthe and Homenick - 1343"
6,8,Barrows - Schimmel - 1344
6,8,Kuhic - Oberbrunner - 1345
6,8,Hills and Sons - 1346
6,8,Labadie - Brakus - 1347
6,8,Dietrich - Bechtelar - 1348
6,8,Altenwerth Group - 1349
6,8,Terry LLC - 1350
7,8,Feeney - Vandervort - 1351
7,8,D'Amore - Volkman - 1352
7,8,Jakubowski LLC - 1353
7,8,Cole - Ward - 1354
7,8,Lang - Jaskolski - 1355
7,8,Wilkinson Inc - 1356
7,8,Corkery - Huel - 1357
7,8,Sanford - Davis - 1358
7,8,Schneider - Tremblay - 1359
7,8,"Feest, Dietrich and Corwin - 1360"
7,8,Wilderman Inc - 1361
7,8,Graham and Sons - 1362
7,8,Daniel and Sons - 1363
7,8,Kihn and Sons - 1364
7,8,"Glover, Ebert and Reinger - 1365"
8,8,"Sanford, Parker and Grimes - 1366"
8,8,"Zulauf, O'Kon and VonRueden - 1367"
8,8,Parisian Group - 1368
8,8,Jakubowski Group - 1369
8,8,"Grant, Hoeger and Spinka - 1370"
8,8,Beatty LLC - 1371
8,8,Hintz and Sons - 1372
8,8,"Schinner, Nicolas and Corwin - 1373"
8,8,Reynolds - Macejkovic - 1374
8,8,Fay and Sons - 1375
8,8,Smith Group - 1376
8,8,Stracke Group - 1377
8,8,Towne LLC - 1378
8,8,"Wisoky, Conn and Kshlerin - 1379"
8,8,Gusikowski - Muller - 1380
9,8,"Kilback, Rempel and Schimmel - 1381"
9,8,Considine Inc - 1382
9,8,"Hand, Senger and Wolff - 1383"
9,8,"Gerhold, Kunde and Auer - 1384"
9,8,Bahringer - Fadel - 1385
9,8,"Glover, Boyer and Barton - 1386"
9,8,Crist - O'Conner - 1387
9,8,"Schultz, Oberbrunner and Crooks - 1388"
9,8,"Hegmann, Rohan and Wisozk - 1389"
9,8,"Walsh, Robel and Dietrich - 1390"
9,8,Schaden - Hegmann - 1391
9,8,Skiles Inc - 1392
9,8,Gutkowski - Beahan - 1393
9,8,Johns - Hettinger - 1394
9,8,Windler - Jerde - 1395
10,8,Kuhlman - Huels - 1396
10,8,Carter - Auer - 1397
10,8,"Hand, MacGyver and Schoen - 1398"
10,8,Spencer Inc - 1399
10,8,Reichert LLC - 1400
10,8,"Brekke, Hoppe and Kunze - 1401"
10,8,"Baumbach, Nolan and Spencer - 1402"
10,8,"Cartwright, Franecki and Bashirian - 1403"
10,8,Bernier LLC - 1404
10,8,Hammes - Leffler - 1405
10,8,Wehner and Sons - 1406
10,8,"Schamberger, Greenholt and Nitzsche - 1407"
10,8,Brown - Kautzer - 1408
10,8,"Thiel, Bruen and Hettinger - 1409"
10,8,Schoen - Gaylord - 1410
11,8,Hand - Farrell - 1411
11,8,"Wyman, Wehner and Mueller - 1412"
11,8,"Herzog, Hilll and Wilkinson - 1413"
11,8,Schmidt and Sons - 1414
11,8,Hane Inc - 1415
11,8,Gutmann - Greenholt - 1416
11,8,Greenfelder - Lang - 1417
11,8,"Hermann, Gorczany and O'Connell - 1418"
11,8,Champlin - Luettgen - 1419
11,8,"Bernier, Jerde and Reichel - 1420"
11,8,McLaughlin and Sons - 1421
11,8,Blanda LLC - 1422
11,8,Armstrong - Herman - 1423
11,8,Wilkinson - Marvin - 1424
11,8,Rodriguez LLC - 1425
12,8,"Deckow, Stehr and Sipes - 1426"
12,8,"Smith, Marvin and Hamill - 1427"
12,8,"Monahan, Monahan and Dickens - 1428"
12,8,"Jones, Bayer and Stracke - 1429"
12,8,"Lynch, Hackett and Schiller - 1430"
12,8,Luettgen - Sawayn - 1431
12,8,Miller Group - 1432
12,8,Bode - Marvin - 1433
12,8,Waelchi and Sons - 1434
12,8,"Ledner, Turcotte and Goyette - 1435"
12,8,Steuber LLC - 1436
12,8,"Koss, Fay and Leffler - 1437"
12,8,"Heidenreich, Kuvalis and Flatley - 1438"
12,8,"Rodriguez, Stanton and Daugherty - 1439"
12,8,"Hauck, Glover and Nikolaus - 1440"
13,8,Cartwright - Brown - 1441
13,8,Cronin LLC - 1442
13,8,Heidenreich - Hammes - 1443
13,8,Pfeffer and Sons - 1444
13,8,Nader - Schinner - 1445
13,8,Considine - Hoeger - 1446
13,8,Lehner Inc - 1447
13,8,Auer Inc - 1448
13,8,Thompson - Hegmann - 1449
13,8,Doyle - Gleason - 1450
13,8,"Schultz, Denesik and Mann - 1451"
13,8,Rutherford - Legros - 1452
13,8,Kreiger - Willms - 1453
13,8,Rowe and Sons - 1454
13,8,Tremblay and Sons - 1455
14,8,Yundt LLC - 1456
14,8,Price - Kub - 1457
14,8,"Okuneva, Bednar and Ziemann - 1458"
14,8,Kohler LLC - 1459
14,8,Vandervort Inc - 1460
14,8,Stroman - Haag - 1461
14,8,Hamill LLC - 1462
14,8,"McDermott, Hyatt and Cartwright - 1463"
14,8,"Bogisich, Zboncak and Shanahan - 1464"
14,8,"Daugherty, Bechtelar and Jaskolski - 1465"
14,8,Schinner - Bartoletti - 1466
14,8,"Dicki, Crist and Dooley - 1467"
14,8,Fay - Wyman - 1468
14,8,"Bosco, Johns and Beer - 1469"
14,8,"Zulauf, Anderson and Ortiz - 1470"
15,8,"Shields, Weber and Beier - 1471"
15,8,Cruickshank and Sons - 1472
15,8,"Kulas, Kling and Nicolas - 1473"
15,8,"Wyman, Hammes and Hoeger - 1474"
15,8,"Conroy, Purdy and Padberg - 1475"
15,8,Gottlieb - Rempel - 1476
15,8,Stamm - Hoeger - 1477
15,8,Lind Inc - 1478
15,8,Leannon LLC - 1479
15,8,"Kilback, Grady and Cremin - 1480"
15,8,Walker Group - 1481
15,8,Ryan LLC - 1482
15,8,Bailey Inc - 1483
15,8,West - Anderson - 1484
15,8,Gutkowski Inc - 1485
16,8,Glover LLC - 1486
16,8,Huel Group - 1487
16,8,O'Keefe Group - 1488
16,8,"Schoen, Runolfsdottir and Lakin - 1489"
16,8,Hahn Group - 1490
16,8,McCullough - Hansen - 1491
16,8,Jenkins - Kunde - 1492
16,8,"Wehner, Ritchie and Kemmer - 1493"
16,8,Harris - Goyette - 1494
16,8,"Beatty, Legros and White - 1495"
16,8,Langosh - Bode - 1496
16,8,Smith - Bailey - 1497
16,8,Barrows - Kessler - 1498
16,8,"Kub, Mante and Schaden - 1499"
16,8,"Schinner, Brown and Bayer - 1500"
17,8,Paucek - Ullrich - 1501
17,8,Kunze Group - 1502
17,8,"Wisoky, McClure and Hand - 1503"
17,8,"Fritsch, Stiedemann and Stokes - 1504"
17,8,"Aufderhar, Kassulke and Berge - 1505"
17,8,Maggio Group - 1506
17,8,Bailey Group - 1507
17,8,"Heaney, Kassulke and Gleichner - 1508"
17,8,Douglas - Hammes - 1509
17,8,Nicolas - Hansen - 1510
17,8,"Brekke, Spinka and Hyatt - 1511"
17,8,McKenzie - Brekke - 1512
17,8,"Emmerich, Kiehn and Spencer - 1513"
17,8,Spencer Inc - 1514
17,8,"Hand, Ritchie and Collins - 1515"
18,8,Miller Group - 1516
18,8,Pollich and Sons - 1517
18,8,"Rau, Homenick and Johnson - 1518"
18,8,Ondricka Group - 1519
18,8,Satterfield and Sons - 1520
18,8,Mosciski - Smitham - 1521
18,8,Sporer - Schultz - 1522
18,8,VonRueden - Emmerich - 1523
18,8,Moore and Sons - 1524
18,8,Mueller - Rosenbaum - 1525
18,8,O'Kon Group - 1526
18,8,Langworth and Sons - 1527
18,8,Kessler - Bernier - 1528
18,8,Langworth Group - 1529
18,8,Funk - Stiedemann - 1530
19,8,Kuhn - Braun - 1531
19,8,Tremblay - Lynch - 1532
19,8,MacGyver - Lueilwitz - 1533
19,8,Harris - Paucek - 1534
19,8,"Crooks, Herzog and Williamson - 1535"
19,8,"Turner, Denesik and Dooley - 1536"
19,8,"Breitenberg, Blanda and Kreiger - 1537"
19,8,Ruecker - Hodkiewicz - 1538
19,8,"Kohler, Kassulke and Harris - 1539"
19,8,Hermann - Oberbrunner - 1540
19,8,Stehr - Considine - 1541
19,8,Nolan - DuBuque - 1542
19,8,Klein and Sons - 1543
19,8,Lowe - Heidenreich - 1544
19,8,Reynolds - McGlynn - 1545
20,8,Mills - O'Connell - 1546
20,8,Lebsack - Schultz - 1547
20,8,Goldner - Turcotte - 1548
20,8,Schuppe - Buckridge - 1549
20,8,Hand Inc - 1550
20,8,"Orn, Willms and Harvey - 1551"
20,8,"O'Kon, Murray and Davis - 1552"
20,8,Walsh - Muller - 1553
20,8,Bruen - Wiegand - 1554
20,8,Murphy - Smith - 1555
20,8,"Champlin, Upton and Towne - 1556"
20,8,Cummings - Rau - 1557
20,8,Langosh Group - 1558
20,8,Ward Group - 1559
20,8,"Prohaska, Becker and Denesik - 1560"
21,8,Koepp LLC - 1561
21,8,Breitenberg - Wisoky - 1562
21,8,"Daniel, Schoen and Schowalter - 1563"
21,8,Thiel - Beier - 1564
21,8,Mann Group - 1565
21,8,"Friesen, Crona and Crist - 1566"
21,8,Hartmann - Cassin - 1567
21,8,Brekke - Quigley - 1568
21,8,"Wintheiser, Hyatt and Lemke - 1569"
21,8,Towne - West - 1570
21,8,Steuber Group - 1571
21,8,Halvorson - Mosciski - 1572
21,8,"Ratke, Torphy and Nader - 1573"
21,8,"Yost, Windler and Haag - 1574"
21,8,"Tremblay, Ebert and Schmeler - 1575"
22,8,Schulist Inc - 1576
22,8,"Bogan, Denesik and Mills - 1577"
22,8,McKenzie and Sons - 1578
22,8,Roberts Group - 1579
22,8,Smith - Braun - 1580
22,8,"Goldner, Simonis and Skiles - 1581"
22,8,Turner - Hane - 1582
22,8,Nienow - Frami - 1583
22,8,"DuBuque, O'Hara and Stracke - 1584"
22,8,"Grady, Bahringer and Schmitt - 1585"
22,8,Carter - Padberg - 1586
22,8,Gislason - Carter - 1587
22,8,"Predovic, Frami and Schinner - 1588"
22,8,Wolff - Rippin - 1589
22,8,Hansen - Barton - 1590
23,8,Swift Group - 1591
23,8,"Miller, Murray and Nienow - 1592"
23,8,"Kuhic, Dach and Collier - 1593"
23,8,Gutkowski - Howell - 1594
23,8,Donnelly LLC - 1595
23,8,Mann - Fahey - 1596
23,8,"Armstrong, Renner and Bahringer - 1597"
23,8,O'Keefe - Marquardt - 1598
23,8,Dickinson LLC - 1599
23,8,Lubowitz - Harvey - 1600
23,8,Pollich Inc - 1601
23,8,Koch - Collier - 1602
23,8,Prohaska and Sons - 1603
23,8,Vandervort - Carter - 1604
23,8,Gulgowski - Abernathy - 1605
24,8,Gislason - Nolan - 1606
24,8,Bode - Harris - 1607
24,8,"Goyette, Mueller and Willms - 1608"
24,8,Koss - Strosin - 1609
24,8,"Hudson, Kuphal and Champlin - 1610"
24,8,"Leannon, Metz and McLaughlin - 1611"
24,8,"Crona, Corwin and Grant - 1612"
24,8,"DuBuque, Wilkinson and Hagenes - 1613"
24,8,Haley - Renner - 1614
24,8,Brown - Mohr - 1615
24,8,Gleason - Turcotte - 1616
24,8,"Schulist, King and Lakin - 1617"
24,8,Witting Group - 1618
24,8,Gottlieb - Monahan - 1619
24,8,"Hayes, Ebert and Schneider - 1620"
1,9,"Christiansen, Koss and Bahringer - 1621"
1,9,Russel LLC - 1622
1,9,Medhurst - Mosciski - 1623
1,9,"Schmitt, Stark and Cruickshank - 1624"
1,9,"Jones, Welch and Cronin - 1625"
1,9,Paucek - Fisher - 1626
1,9,Torphy LLC - 1627
1,9,Waelchi Group - 1628
1,9,"Braun, Pouros and Muller - 1629"
1,9,Hammes - Jacobs - 1630
1,9,Shanahan - Walter - 1631
1,9,Cremin and Sons - 1632
1,9,"Lesch, Nicolas and Howe - 1633"
1,9,"Hessel, Okuneva and Bosco - 1634"
1,9,Bruen Inc - 1635
2,9,Schuppe - Metz - 1636
2,9,"Greenholt, Emard and Jacobi - 1637"
2,9,Mann - Ferry - 1638
2,9,Mayert - Mills - 1639
2,9,Pouros and Sons - 1640
2,9,Smith Inc - 1641
2,9,Roob - Roberts - 1642
2,9,Strosin - Haley - 1643
2,9,Jerde - Kuhlman - 1644
2,9,Murphy - Hintz - 1645
2,9,Farrell LLC - 1646
2,9,Kuhic LLC - 1647
2,9,Willms - Collins - 1648
2,9,Rice - Nienow - 1649
2,9,Lowe Group - 1650
3,9,O'Hara - Mayer - 1651
3,9,"Glover, Turcotte and Feeney - 1652"
3,9,Schiller - Dibbert - 1653
3,9,Rohan - Hermann - 1654
3,9,"Cronin, Langosh and Gerhold - 1655"
3,9,Franecki Inc - 1656
3,9,King - Wyman - 1657
3,9,Anderson LLC - 1658
3,9,"Schowalter, Ortiz and Lowe - 1659"
3,9,Keebler and Sons - 1660
3,9,Donnelly Inc - 1661
3,9,Frami Inc - 1662
3,9,Okuneva Inc - 1663
3,9,Hills LLC - 1664
3,9,Fahey - Champlin - 1665
4,9,"Cronin, Halvorson and Hartmann - 1666"
4,9,Skiles - Lang - 1667
4,9,Moen - Strosin - 1668
4,9,O'Hara and Sons - 1669
4,9,Thompson - Zulauf - 1670
4,9,Davis and Sons - 1671
4,9,Sporer - Macejkovic - 1672
4,9,"Abshire, Gislason and Lockman - 1673"
4,9,Grant Inc - 1674
4,9,McLaughlin Group - 1675
4,9,Collier - Wehner - 1676
4,9,Heathcote - Gusikowski - 1677
4,9,Marvin LLC - 1678
4,9,Franecki - Lakin - 1679
4,9,"Shields, Reichert and Fadel - 1680"
5,9,Morar and Sons - 1681
5,9,"Kertzmann, Lynch and D'Amore - 1682"
5,9,"Blanda, Thiel and Jaskolski - 1683"
5,9,Bruen - Feest - 1684
5,9,Gerhold - Jakubowski - 1685
5,9,"Gulgowski, Wolf and Parisian - 1686"
5,9,Krajcik - Weimann - 1687
5,9,Leannon and Sons - 1688
5,9,"Bahringer, Reilly and Rice - 1689"
5,9,"Crist, Blick and Williamson - 1690"
5,9,Funk LLC - 1691
5,9,Abernathy Group - 1692
5,9,"Kilback, Mosciski and Kub - 1693"
5,9,"Murray, Morar and Smith - 1694"
5,9,"Baumbach, Moen and Boyle - 1695"
6,9,Connelly - Bashirian - 1696
6,9,Dicki - Hermann - 1697
6,9,King and Sons - 1698
6,9,"Donnelly, Moen and Schuster - 1699"
6,9,"Greenholt, Thiel and King - 1700"
6,9,"Wuckert, Orn and Bradtke - 1701"
6,9,Crooks and Sons - 1702
6,9,Russel Group - 1703
6,9,Reinger Group - 1704
6,9,Witting and Sons - 1705
6,9,Grant - Wiegand - 1706
6,9,"Waelchi, Heaney and Treutel - 1707"
6,9,"Torp, Luettgen and Jenkins - 1708"
6,9,Grady - Kuhn - 1709
6,9,Collins - Cremin - 1710
7,9,McDermott - Walter - 1711
7,9,Maggio Inc - 1712
7,9,Spencer Inc - 1713
7,9,Jacobson - Strosin - 1714
7,9,Ebert - Quitzon - 1715
7,9,Grady - Kuhn - 1716
7,9,Roob and Sons - 1717
7,9,"Ritchie, Ledner and Howe - 1718"
7,9,"Leffler, Blick and Schiller - 1719"
7,9,Conn - Hodkiewicz - 1720
7,9,"Hyatt, Reilly and Turcotte - 1721"
7,9,Swift and Sons - 1722
7,9,Nitzsche Inc - 1723
7,9,Gleichner - Stehr - 1724
7,9,Kohler - Daniel - 1725
8,9,Nader Inc - 1726
8,9,Bosco - Schmeler - 1727
8,9,Purdy Group - 1728
8,9,Schamberger Group - 1729
8,9,"Larkin, Klocko and Bechtelar - 1730"
8,9,"Weissnat, Klein and Terry - 1731"
8,9,Howell - McKenzie - 1732
8,9,Dicki - Romaguera - 1733
8,9,D'Amore - Reilly - 1734
8,9,Boyle - Aufderhar - 1735
8,9,Streich LLC - 1736
8,9,"Stroman, Jast and Daniel - 1737"
8,9,Marvin - Kling - 1738
8,9,Ullrich - Mueller - 1739
8,9,Boehm - Olson - 1740
9,9,"Lang, O'Keefe and Flatley - 1741"
9,9,Vandervort - Jenkins - 1742
9,9,Spencer - Jacobson - 1743
9,9,Herzog - Fadel - 1744
9,9,Gleichner - Hyatt - 1745
9,9,Hegmann Inc - 1746
9,9,"Schuster, Strosin and Wunsch - 1747"
9,9,"Pfeffer, Lindgren and Dibbert - 1748"
9,9,"Cremin, King and Hand - 1749"
9,9,Heaney Group - 1750
9,9,Kuphal LLC - 1751
9,9,Blick and Sons - 1752
9,9,Wintheiser - Farrell - 1753
9,9,"Tromp, Keeling and West - 1754"
9,9,"Bernhard, Cremin and Goldner - 1755"
10,9,Schroeder Inc - 1756
10,9,Crooks Group - 1757
10,9,Hahn and Sons - 1758
10,9,Hintz Group - 1759
10,9,Ryan - Stiedemann - 1760
10,9,"Roob, MacGyver and Hessel - 1761"
10,9,"Wehner, Wilkinson and Dach - 1762"
10,9,"Huels, Koelpin and Wiza - 1763"
10,9,Fisher LLC - 1764
10,9,Marvin - Boyer - 1765
10,9,Kessler LLC - 1766
10,9,"Heidenreich, Stroman and Williamson - 1767"
10,9,Towne - Haley - 1768
10,9,Schroeder Inc - 1769
10,9,"Bartoletti, Kohler and O'Connell - 1770"
11,9,Senger - Renner - 1771
11,9,Greenfelder - Hudson - 1772
11,9,"Willms, Lockman and Emard - 1773"
11,9,Rolfson - West - 1774
11,9,Little Group - 1775
11,9,Boyle - Franecki - 1776
11,9,Gerhold - Crooks - 1777
11,9,Kemmer LLC - 1778
11,9,"Strosin, Smitham and Hills - 1779"
11,9,"Jacobi, Torphy and Graham - 1780"
11,9,Reichert - Christiansen - 1781
11,9,"Roob, Sanford and Bednar - 1782"
11,9,Ziemann Inc - 1783
11,9,Grimes and Sons - 1784
11,9,Witting - Yundt - 1785
12,9,Orn Inc - 1786
12,9,Watsica - Murphy - 1787
12,9,Grant Group - 1788
12,9,"Shields, Lakin and Parker - 1789"
12,9,Boehm LLC - 1790
12,9,Brakus - Sporer - 1791
12,9,Welch - Gerlach - 1792
12,9,"Kozey, Fisher and Fadel - 1793"
12,9,"Gleason, Auer and Ryan - 1794"
12,9,Carter LLC - 1795
12,9,"Ziemann, Ondricka and Murray - 1796"
12,9,Emmerich Group - 1797
12,9,Harber Group - 1798
12,9,Hermann - Rutherford - 1799
12,9,Kerluke - Howell - 1800
13,9,McGlynn Group - 1801
13,9,Konopelski and Sons - 1802
13,9,Luettgen - Cruickshank - 1803
13,9,Cummings and Sons - 1804
13,9,"Reynolds, West and Glover - 1805"
13,9,"Flatley, Bogan and Erdman - 1806"
13,9,Daugherty Group - 1807
13,9,"Terry, Harber and Maggio - 1808"
13,9,Carter Inc - 1809
13,9,O'Keefe - Friesen - 1810
13,9,Greenholt - Stokes - 1811
13,9,"Skiles, Kemmer and Kozey - 1812"
13,9,Dach - Jacobson - 1813
13,9,Ullrich and Sons - 1814
13,9,Robel and Sons - 1815
14,9,"Hackett, Kub and Dickens - 1816"
14,9,Gulgowski Group - 1817
14,9,Mosciski Inc - 1818
14,9,Davis - Schroeder - 1819
14,9,"Cruickshank, Ratke and D'Amore - 1820"
14,9,"West, Brekke and Ankunding - 1821"
14,9,"Collier, Lindgren and Jacobs - 1822"
14,9,Klein LLC - 1823
14,9,Reichert and Sons - 1824
14,9,Kirlin - Rosenbaum - 1825
14,9,Bernhard - Connelly - 1826
14,9,Jacobs LLC - 1827
14,9,Davis - Bode - 1828
14,9,Kerluke Group - 1829
14,9,Kiehn LLC - 1830
15,9,"Koch, Klocko and Tremblay - 1831"
15,9,Brakus - Zemlak - 1832
15,9,Luettgen - Klein - 1833
15,9,Connelly - Hane - 1834
15,9,Lowe - Beahan - 1835
15,9,"Altenwerth, Rutherford and Schmitt - 1836"
15,9,Conn - Kemmer - 1837
15,9,Mueller - Doyle - 1838
15,9,Welch - Collier - 1839
15,9,Schneider and Sons - 1840
15,9,"Bode, Toy and Bailey - 1841"
15,9,Waelchi - Dooley - 1842
15,9,"Pagac, McCullough and Kreiger - 1843"
15,9,Cremin - Upton - 1844
15,9,"McKenzie, Dickinson and Simonis - 1845"
16,9,"Grady, Glover and Altenwerth - 1846"
16,9,Wolff - Purdy - 1847
16,9,Mayer Group - 1848
16,9,Osinski LLC - 1849
16,9,Lebsack - Bartoletti - 1850
16,9,"Farrell, Rath and Steuber - 1851"
16,9,"Lueilwitz, Altenwerth and Bauch - 1852"
16,9,"Barrows, Marvin and Robel - 1853"
16,9,"Borer, Stiedemann and Quitzon - 1854"
16,9,Aufderhar - Greenholt - 1855
16,9,Schroeder - Morissette - 1856
16,9,"Corkery, Durgan and Waelchi - 1857"
16,9,"Thiel, Dickens and Reinger - 1858"
16,9,Turner - Bernier - 1859
16,9,Dibbert Inc - 1860
17,9,Monahan LLC - 1861
17,9,"Nikolaus, Luettgen and Turcotte - 1862"
17,9,"Mayert, Schulist and Pfeffer - 1863"
17,9,Nienow Inc - 1864
17,9,"Jakubowski, Reinger and Mills - 1865"
17,9,Medhurst Group - 1866
17,9,Moore LLC - 1867
17,9,Raynor - Shields - 1868
17,9,"Kautzer, Wolff and Labadie - 1869"
17,9,Stracke Group - 1870
17,9,"Koepp, Kiehn and Jast - 1871"
17,9,Feil - Ortiz - 1872
17,9,Harris - Howe - 1873
17,9,"Kessler, Kohler and Durgan - 1874"
17,9,"Graham, Christiansen and Wiegand - 1875"
18,9,"Spencer, Mosciski and Lang - 1876"
18,9,Ortiz - Ortiz - 1877
18,9,Jenkins - Okuneva - 1878
18,9,Purdy LLC - 1879
18,9,Kris LLC - 1880
18,9,Waelchi - Jakubowski - 1881
18,9,Zulauf - Wunsch - 1882
18,9,Mertz - Kilback - 1883
18,9,"Tillman, Pollich and Lesch - 1884"
18,9,"Toy, O'Conner and Wolf - 1885"
18,9,D'Amore - Thiel - 1886
18,9,Bednar and Sons - 1887
18,9,McLaughlin LLC - 1888
18,9,Little - VonRueden - 1889
18,9,Schaefer - Hagenes - 1890
19,9,"Monahan, West and Balistreri - 1891"
19,9,"Watsica, Paucek and West - 1892"
19,9,"Harvey, Gutmann and Jones - 1893"
19,9,Armstrong and Sons - 1894
19,9,"Wuckert, Mann and Grady - 1895"
19,9,Harvey and Sons - 1896
19,9,Kuhlman Inc - 1897
19,9,Stamm Inc - 1898
19,9,Stokes Inc - 1899
19,9,Welch - Cummerata - 1900
19,9,Doyle Group - 1901
19,9,Pollich - Harber - 1902
19,9,Stamm - Terry - 1903
19,9,Hermiston - Bosco - 1904
19,9,Runolfsson Inc - 1905
20,9,Lesch and Sons - 1906
20,9,"Mayert, Baumbach and Cummerata - 1907"
20,9,Schneider Group - 1908
20,9,Buckridge - Roob - 1909
20,9,Baumbach - Nolan - 1910
20,9,"Skiles, Gulgowski and Effertz - 1911"
20,9,"Lind, Hilpert and Schoen - 1912"
20,9,Christiansen - Raynor - 1913
20,9,Schneider - Ryan - 1914
20,9,Ernser - Boehm - 1915
20,9,"Kuhic, Bartell and Russel - 1916"
20,9,Stroman - Dooley - 1917
20,9,"Koepp, Mitchell and Legros - 1918"
20,9,O'Keefe - Lind - 1919
20,9,Walter LLC - 1920
21,9,Howe and Sons - 1921
21,9,Lindgren - Steuber - 1922
21,9,Price - Lindgren - 1923
21,9,Reichert Inc - 1924
21,9,"Lemke, Ward and Strosin - 1925"
21,9,"Cummings, Terry and Wisoky - 1926"
21,9,Crist - Effertz - 1927
21,9,Kovacek and Sons - 1928
21,9,"Quigley, Renner and Zemlak - 1929"
21,9,Altenwerth Group - 1930
21,9,"Oberbrunner, Oberbrunner and Balistreri - 1931"
21,9,"Wyman, Mitchell and Boehm - 1932"
21,9,"Mraz, Fay and Hahn - 1933"
21,9,"McGlynn, Mraz and Halvorson - 1934"
21,9,"Hagenes, Kassulke and Nicolas - 1935"
22,9,Donnelly - Rau - 1936
22,9,Hand and Sons - 1937
22,9,"Hahn, Hickle and Swift - 1938"
22,9,Miller - O'Connell - 1939
22,9,Bashirian Group - 1940
22,9,Hermiston - Harvey - 1941
22,9,"Stark, Veum and MacGyver - 1942"
22,9,Morissette LLC - 1943
22,9,Daugherty - Bins - 1944
22,9,"Schuster, Boehm and Wiza - 1945"
22,9,Crooks - Hills - 1946
22,9,Legros LLC - 1947
22,9,"Rolfson, Tillman and Yost - 1948"
22,9,Hane LLC - 1949
22,9,Zieme - Sanford - 1950
23,9,"Williamson, MacGyver and Breitenberg - 1951"
23,9,Schuppe Inc - 1952
23,9,"Ullrich, Blanda and Fisher - 1953"
23,9,Littel LLC - 1954
23,9,Mohr - Pollich - 1955
23,9,Hills LLC - 1956
23,9,Ritchie LLC - 1957
23,9,VonRueden Inc - 1958
23,9,Daniel - Von - 1959
23,9,Pollich and Sons - 1960
23,9,Jast LLC - 1961
23,9,Leannon and Sons - 1962
23,9,Johnson - Kozey - 1963
23,9,"Vandervort, Price and Schamberger - 1964"
23,9,Crona - Bauch - 1965
24,9,"Murazik, Funk and Thiel - 1966"
24,9,Streich - Emmerich - 1967
24,9,Pfeffer and Sons - 1968
24,9,"Mueller, Marvin and Farrell - 1969"
24,9,Kilback - Schowalter - 1970
24,9,Pouros - Miller - 1971
24,9,Koepp - Crooks - 1972
24,9,Mertz and Sons - 1973
24,9,"Murazik, Hintz and Kessler - 1974"
24,9,Schultz - Hartmann - 1975
24,9,Satterfield - Sipes - 1976
24,9,Grant - VonRueden - 1977
24,9,"Stiedemann, Effertz and Kihn - 1978"
24,9,"Grimes, Rutherford and Crist - 1979"
24,9,Padberg Group - 1980
25,9,Heathcote and Sons - 1981
25,9,VonRueden Group - 1982
25,9,"Carter, DuBuque and Nolan - 1983"
25,9,Greenfelder Group - 1984
25,9,Steuber - Welch - 1985
25,9,Collins LLC - 1986
25,9,Ratke Group - 1987
25,9,Sipes - Hartmann - 1988
25,9,"Rippin, McGlynn and Dare - 1989"
25,9,Willms - Fadel - 1990
25,9,Ferry - Reichert - 1991
25,9,Hessel Inc - 1992
25,9,Gerlach - Lang - 1993
25,9,"Feeney, Kuhlman and Gibson - 1994"
25,9,Koss - Krajcik - 1995
26,9,Walter and Sons - 1996
26,9,Crooks LLC - 1997
26,9,Schoen Inc - 1998
26,9,"Konopelski, Hegmann and Klocko - 1999"
26,9,Cummings Inc - 2000
26,9,"Morar, Windler and Kiehn - 2001"
26,9,Monahan - Macejkovic - 2002
26,9,Bode - Bergstrom - 2003
26,9,Turcotte - Adams - 2004
26,9,Yundt Inc - 2005
26,9,"Auer, Carroll and Leannon - 2006"
26,9,Stracke Group - 2007
26,9,Bailey Group - 2008
26,9,Barrows - Waters - 2009
26,9,Yundt - Hoppe - 2010
27,9,Harris - Kulas - 2011
27,9,Satterfield Inc - 2012
27,9,Kozey - Gerhold - 2013
27,9,Rowe - Predovic - 2014
27,9,Cartwright - Ferry - 2015
27,9,"McDermott, Bernhard and Predovic - 2016"
27,9,Hand - Jaskolski - 2017
27,9,"Cronin, Koch and Heller - 2018"
27,9,Homenick Inc - 2019
27,9,"Heller, Marvin and Harris - 2020"
27,9,Runte - Crooks - 2021
27,9,Jacobs LLC - 2022
27,9,"Douglas, Barton and Mann - 2023"
27,9,Pollich Inc - 2024
27,9,Grady - Gutmann - 2025
1,10,"Gorczany, Jakubowski and Ruecker - 2026"
1,10,"Wolf, Orn and Rogahn - 2027"
1,10,Trantow - Rutherford - 2028
1,10,"Schmidt, Erdman and Goyette - 2029"
1,10,McClure Group - 2030
1,10,"Stracke, Mueller and Quitzon - 2031"
1,10,Hansen and Sons - 2032
1,10,"Haley, Wiegand and Mayer - 2033"
1,10,Mosciski - Herman - 2034
1,10,Torp Inc - 2035
1,10,"Larson, Hegmann and Reynolds - 2036"
1,10,Adams - Kovacek - 2037
1,10,"Towne, Tillman and Schamberger - 2038"
1,10,Cummings Inc - 2039
1,10,Rowe - Hackett - 2040
2,10,Johnson - Ankunding - 2041
2,10,"Pouros, Morar and Orn - 2042"
2,10,"Gibson, Schaefer and Kihn - 2043"
2,10,Littel and Sons - 2044
2,10,"Lemke, Zulauf and Ernser - 2045"
2,10,Conroy - Gerlach - 2046
2,10,Maggio LLC - 2047
2,10,Ledner and Sons - 2048
2,10,"Roberts, Lehner and Hettinger - 2049"
2,10,Weimann Inc - 2050
2,10,Bergstrom - VonRueden - 2051
2,10,Reilly Inc - 2052
2,10,"Metz, Torphy and Nitzsche - 2053"
2,10,"Nitzsche, Heller and Berge - 2054"
2,10,Larson Inc - 2055
3,10,"Hansen, Koss and Trantow - 2056"
3,10,"Runolfsson, Morar and Russel - 2057"
3,10,Miller - King - 2058
3,10,Gutmann Inc - 2059
3,10,Greenfelder Group - 2060
3,10,"Flatley, Kulas and Koepp - 2061"
3,10,Howe - Ledner - 2062
3,10,Keeling - Haley - 2063
3,10,"Nicolas, Gislason and Bergstrom - 2064"
3,10,"Weber, O'Reilly and Nienow - 2065"
3,10,Terry LLC - 2066
3,10,Doyle - Schultz - 2067
3,10,Connelly and Sons - 2068
3,10,Johnson and Sons - 2069
3,10,Schmeler - Dietrich - 2070
4,10,Moen LLC - 2071
4,10,Dooley - Hane - 2072
4,10,Aufderhar and Sons - 2073
4,10,Lynch - Carroll - 2074
4,10,Lesch LLC - 2075
4,10,Reichert and Sons - 2076
4,10,Terry - Corwin - 2077
4,10,Turcotte LLC - 2078
4,10,"Stanton, Beer and Schamberger - 2079"
4,10,"Bashirian, Nitzsche and Carter - 2080"
4,10,Lockman Group - 2081
4,10,"Fahey, Steuber and Nolan - 2082"
4,10,"Doyle, Rath and Watsica - 2083"
4,10,Kuhn Group - 2084
4,10,Hudson - Larson - 2085
5,10,Mante Inc - 2086
5,10,"Fahey, Kerluke and Lueilwitz - 2087"
5,10,"Jaskolski, Feest and Schiller - 2088"
5,10,Sipes Inc - 2089
5,10,Hoppe and Sons - 2090
5,10,Hilll - Lubowitz - 2091
5,10,"Frami, Kris and Abbott - 2092"
5,10,Wintheiser - Beatty - 2093
5,10,Quigley LLC - 2094
5,10,Stamm - Murphy - 2095
5,10,McKenzie - Runte - 2096
5,10,"Kessler, Lang and McClure - 2097"
5,10,Ziemann - Daugherty - 2098
5,10,Okuneva - Stroman - 2099
5,10,Marks Inc - 2100
6,10,"Wolf, Roberts and Lueilwitz - 2101"
6,10,Flatley - Schmitt - 2102
6,10,Lesch - Walker - 2103
6,10,Johns - Jenkins - 2104
6,10,Okuneva - Smith - 2105
6,10,Balistreri - Gleichner - 2106
6,10,Reinger - Homenick - 2107
6,10,Sporer - Rosenbaum - 2108
6,10,Leffler Group - 2109
6,10,Stehr - Greenfelder - 2110
6,10,O'Conner - Leannon - 2111
6,10,Lueilwitz Inc - 2112
6,10,"Rodriguez, Herzog and Sporer - 2113"
6,10,"Glover, Kuhn and Heathcote - 2114"
6,10,"Jenkins, Davis and Ankunding - 2115"
7,10,Wintheiser LLC - 2116
7,10,"Hirthe, Kreiger and Tromp - 2117"
7,10,Blick LLC - 2118
7,10,Morissette and Sons - 2119
7,10,Jerde and Sons - 2120
7,10,Mosciski Group - 2121
7,10,"Parisian, Hayes and Klocko - 2122"
7,10,Carroll Group - 2123
7,10,Carter Inc - 2124
7,10,"Beahan, Hilll and Hills - 2125"
7,10,Dare Group - 2126
7,10,Hilpert - Grant - 2127
7,10,Pfeffer - Moore - 2128
7,10,Ratke and Sons - 2129
7,10,"Hane, Johns and Schuppe - 2130"
8,10,Ullrich - Bayer - 2131
8,10,"Hane, Ratke and Graham - 2132"
8,10,Dooley - Stehr - 2133
8,10,Quigley - Corkery - 2134
8,10,"Tillman, Jaskolski and Medhurst - 2135"
8,10,"Glover, Lebsack and Rempel - 2136"
8,10,Bogan - Altenwerth - 2137
8,10,Lowe - Nikolaus - 2138
8,10,Lind Inc - 2139
8,10,Sporer - Lockman - 2140
8,10,"Gerhold, Green and Emard - 2141"
8,10,Hoppe - Wuckert - 2142
8,10,"Friesen, Lang and Bode - 2143"
8,10,"Bashirian, Wolf and Zboncak - 2144"
8,10,"Stiedemann, Stehr and Keebler - 2145"
9,10,Parker LLC - 2146
9,10,Ankunding Group - 2147
9,10,"Streich, Roob and Yundt - 2148"
9,10,"Gorczany, Rutherford and Bailey - 2149"
9,10,Hand - Pfannerstill - 2150
9,10,Doyle and Sons - 2151
9,10,Schmitt - Schumm - 2152
9,10,Rippin Inc - 2153
9,10,"Rutherford, Boyer and Champlin - 2154"
9,10,Cremin Inc - 2155
9,10,Jacobson LLC - 2156
9,10,Wiza LLC - 2157
9,10,Leffler LLC - 2158
9,10,"Ritchie, Bartoletti and Zieme - 2159"
9,10,Champlin - Ward - 2160
10,10,"Deckow, Turcotte and Crist - 2161"
10,10,Abernathy - Connelly - 2162
10,10,Predovic - Mohr - 2163
10,10,"Lind, Hamill and Oberbrunner - 2164"
10,10,"Quigley, Zieme and Glover - 2165"
10,10,Labadie - Hegmann - 2166
10,10,Gaylord - Murray - 2167
10,10,"Waters, Block and Casper - 2168"
10,10,Lakin and Sons - 2169
10,10,"Mueller, Turner and Marks - 2170"
10,10,Kuhic - Nikolaus - 2171
10,10,Torp LLC - 2172
10,10,Pollich - Ryan - 2173
10,10,Gusikowski - Pfannerstill - 2174
10,10,"Homenick, Lockman and Romaguera - 2175"
11,10,Miller LLC - 2176
11,10,Gleichner - Hamill - 2177
11,10,Moore and Sons - 2178
11,10,"Botsford, Barrows and Tillman - 2179"
11,10,Sauer - Casper - 2180
11,10,Larkin - Reilly - 2181
11,10,"Dare, Schuppe and McCullough - 2182"
11,10,"Huels, Hane and Reichel - 2183"
11,10,Senger - Marquardt - 2184
11,10,Mohr - McKenzie - 2185
11,10,Lehner - Pollich - 2186
11,10,Gorczany and Sons - 2187
11,10,"Grady, Frami and Williamson - 2188"
11,10,Legros Group - 2189
11,10,Jacobson - O'Connell - 2190
12,10,O'Keefe - McClure - 2191
12,10,Nienow - Schaden - 2192
12,10,"O'Keefe, Lindgren and Walter - 2193"
12,10,Larson LLC - 2194
12,10,Zieme and Sons - 2195
12,10,Pfeffer LLC - 2196
12,10,Green - Crist - 2197
12,10,"Bednar, Ernser and Hansen - 2198"
12,10,"Von, Ward and Wilkinson - 2199"
12,10,Rosenbaum - Runte - 2200
12,10,"Metz, Schinner and Orn - 2201"
12,10,Bogisich and Sons - 2202
12,10,"Daugherty, O'Connell and Gottlieb - 2203"
12,10,"Nader, Rau and Zulauf - 2204"
12,10,Olson LLC - 2205
13,10,Rau LLC - 2206
13,10,Miller - Nader - 2207
13,10,Weimann - Harvey - 2208
13,10,"Goldner, Ullrich and Yost - 2209"
13,10,Stehr - Hauck - 2210
13,10,Beatty Inc - 2211
13,10,"Thompson, Rath and Boyer - 2212"
13,10,Johnston and Sons - 2213
13,10,Grimes - Lang - 2214
13,10,"Abbott, Cremin and Spinka - 2215"
13,10,"O'Hara, McClure and Stokes - 2216"
13,10,Emmerich Group - 2217
13,10,"Predovic, Adams and Harber - 2218"
13,10,"Weimann, Zieme and Schinner - 2219"
13,10,Rohan - Bartoletti - 2220
14,10,Hoeger - Goyette - 2221
14,10,Lind - Stracke - 2222
14,10,Sporer - Windler - 2223
14,10,Nader - Kassulke - 2224
14,10,"Tremblay, Swift and Kozey - 2225"
14,10,Stoltenberg and Sons - 2226
14,10,"Homenick, Barrows and Champlin - 2227"
14,10,"McCullough, Kunze and Beahan - 2228"
14,10,Conn - Boyle - 2229
14,10,Abernathy Inc - 2230
14,10,"Hagenes, Orn and Renner - 2231"
14,10,Murazik Group - 2232
14,10,Ondricka - Streich - 2233
14,10,"Flatley, Koss and Jacobs - 2234"
14,10,Berge - Torp - 2235
15,10,"Dach, Greenholt and Nicolas - 2236"
15,10,Brown LLC - 2237
15,10,Doyle - Boehm - 2238
15,10,"Willms, Dibbert and Barrows - 2239"
15,10,"Feest, Ernser and Collier - 2240"
15,10,Schmidt Group - 2241
15,10,"Strosin, Walker and Fritsch - 2242"
15,10,Kihn Inc - 2243
15,10,"Schimmel, Sipes and Wuckert - 2244"
15,10,O'Connell - Nikolaus - 2245
15,10,Frami Group - 2246
15,10,Yundt - Fadel - 2247
15,10,"Baumbach, Feil and Satterfield - 2248"
15,10,"Kassulke, Bogisich and Stracke - 2249"
15,10,Fisher Inc - 2250
16,10,"Durgan, Halvorson and Sporer - 2251"
16,10,Gusikowski - Monahan - 2252
16,10,Conroy - Langosh - 2253
16,10,"Schuppe, Lindgren and Ortiz - 2254"
16,10,"Wehner, Balistreri and Heathcote - 2255"
16,10,Lockman LLC - 2256
16,10,Schoen and Sons - 2257
16,10,Robel - Sporer - 2258
16,10,O'Hara Group - 2259
16,10,Leannon LLC - 2260
16,10,Macejkovic Inc - 2261
16,10,Franecki Group - 2262
16,10,Bauch - Collier - 2263
16,10,Lemke Inc - 2264
16,10,Hagenes Inc - 2265
17,10,Anderson - Sawayn - 2266
17,10,"Armstrong, Pollich and Schinner - 2267"
17,10,Champlin LLC - 2268
17,10,Hamill - Fadel - 2269
17,10,Mante - Stracke - 2270
17,10,Walter - Harris - 2271
17,10,Moore - Leffler - 2272
17,10,Christiansen - Balistreri - 2273
17,10,Parisian and Sons - 2274
17,10,Ebert LLC - 2275
17,10,"Harvey, Brown and Barton - 2276"
17,10,Lubowitz - Yost - 2277
17,10,O'Reilly - Hagenes - 2278
17,10,"Sipes, Macejkovic and Miller - 2279"
17,10,"Blick, Wintheiser and Simonis - 2280"
18,10,"Greenholt, Goodwin and Stokes - 2281"
18,10,"Cummings, Mann and Heaney - 2282"
18,10,"Bashirian, Pollich and Osinski - 2283"
18,10,Krajcik LLC - 2284
18,10,Prohaska - Kunde - 2285
18,10,"Schamberger, Legros and Nolan - 2286"
18,10,"Romaguera, Tillman and Heller - 2287"
18,10,"Kohler, Mante and Brekke - 2288"
18,10,"Dibbert, Kuphal and Lesch - 2289"
18,10,"Lindgren, Koepp and Bergnaum - 2290"
18,10,Bernhard Group - 2291
18,10,Kshlerin Inc - 2292
18,10,"Kovacek, Rath and Keebler - 2293"
18,10,"Howell, Schaden and Buckridge - 2294"
18,10,Rohan - DuBuque - 2295
19,10,Schamberger - Leffler - 2296
19,10,"Dietrich, Littel and Mitchell - 2297"
19,10,Parisian LLC - 2298
19,10,"Farrell, Heidenreich and Sanford - 2299"
19,10,Ryan - Bartell - 2300
19,10,Will and Sons - 2301
19,10,"Hodkiewicz, Zboncak and Schulist - 2302"
19,10,Heller LLC - 2303
19,10,Gorczany Inc - 2304
19,10,Moore - Tromp - 2305
19,10,"Graham, Bernier and Considine - 2306"
19,10,Berge Group - 2307
19,10,Lueilwitz Inc - 2308
19,10,Roob LLC - 2309
19,10,Hamill - Schmidt - 2310
20,10,Skiles Inc - 2311
20,10,Wiegand - Yundt - 2312
20,10,Armstrong - Baumbach - 2313
20,10,Volkman Inc - 2314
20,10,"Rutherford, Beer and Stark - 2315"
20,10,Williamson - Breitenberg - 2316
20,10,Schimmel - Harris - 2317
20,10,Bogan Group - 2318
20,10,"Davis, Pacocha and Yost - 2319"
20,10,Heidenreich and Sons - 2320
20,10,Hoeger and Sons - 2321
20,10,Franecki Inc - 2322
20,10,Wunsch - Nienow - 2323
20,10,"Reynolds, Ruecker and Nikolaus - 2324"
20,10,"Greenfelder, Boyle and Rice - 2325"
21,10,Lehner Group - 2326
21,10,"Kris, Kertzmann and Feeney - 2327"
21,10,"Crist, Quigley and Hamill - 2328"
21,10,Homenick LLC - 2329
21,10,"Crooks, Ferry and Corkery - 2330"
21,10,"Denesik, Deckow and Bogan - 2331"
21,10,Witting Inc - 2332
21,10,O'Conner - Weissnat - 2333
21,10,Legros - Fisher - 2334
21,10,Jaskolski - Bashirian - 2335
21,10,"Hammes, Wolff and Connelly - 2336"
21,10,"Aufderhar, Torphy and Swaniawski - 2337"
21,10,"Bednar, McLaughlin and Keebler - 2338"
21,10,Beahan and Sons - 2339
21,10,"Kuhlman, Funk and Vandervort - 2340"
22,10,Collins LLC - 2341
22,10,"Trantow, Funk and Ratke - 2342"
22,10,Greenfelder - Oberbrunner - 2343
22,10,Jacobi Inc - 2344
22,10,Block Group - 2345
22,10,Jaskolski - Leannon - 2346
22,10,Dibbert - Halvorson - 2347
22,10,"Kassulke, Goldner and West - 2348"
22,10,"Haag, Robel and Jakubowski - 2349"
22,10,Blick Inc - 2350
22,10,Schultz - Welch - 2351
22,10,"Rempel, Schuppe and Jakubowski - 2352"
22,10,Mitchell LLC - 2353
22,10,Marks - Beier - 2354
22,10,"Blanda, Nicolas and Kuhlman - 2355"
23,10,Windler and Sons - 2356
23,10,"Ebert, Lesch and Feest - 2357"
23,10,"Heller, Fritsch and Johnston - 2358"
23,10,"Rogahn, Berge and Rohan - 2359"
23,10,"Reinger, Kutch and Steuber - 2360"
23,10,Sporer - Kutch - 2361
23,10,Smitham Inc - 2362
23,10,"Kuvalis, Roob and Carter - 2363"
23,10,Gislason Inc - 2364
23,10,"Kemmer, Ruecker and Howe - 2365"
23,10,Wolf - Crist - 2366
23,10,Metz - Ritchie - 2367
23,10,Hackett Group - 2368
23,10,"Langosh, Haag and Kerluke - 2369"
23,10,Howe - Torphy - 2370
24,10,O'Kon Group - 2371
24,10,Crooks - Moen - 2372
24,10,Dach Group - 2373
24,10,"Smitham, Anderson and Tremblay - 2374"
24,10,Wintheiser LLC - 2375
24,10,Barrows - Bartell - 2376
24,10,Gaylord - Hahn - 2377
24,10,Gottlieb LLC - 2378
24,10,"Blanda, Quigley and Hodkiewicz - 2379"
24,10,Stroman - Johns - 2380
24,10,Kemmer - Rohan - 2381
24,10,"Lind, Hansen and O'Reilly - 2382"
24,10,"Olson, Connelly and Nikolaus - 2383"
24,10,Pacocha Group - 2384
24,10,Homenick Group - 2385
25,10,Hermiston Group - 2386
25,10,"Zieme, Rutherford and Windler - 2387"
25,10,"Stark, Rodriguez and Tromp - 2388"
25,10,"Jerde, Lockman and Haag - 2389"
25,10,Hilpert LLC - 2390
25,10,Davis Group - 2391
25,10,McLaughlin - Torphy - 2392
25,10,Gislason Inc - 2393
25,10,Kilback LLC - 2394
25,10,Bradtke - Turner - 2395
25,10,Nikolaus and Sons - 2396
25,10,Doyle - DuBuque - 2397
25,10,Dicki LLC - 2398
25,10,Graham and Sons - 2399
25,10,Thompson Group - 2400
26,10,"Emmerich, Tillman and Christiansen - 2401"
26,10,Spinka - Brekke - 2402
26,10,Stehr - Reinger - 2403
26,10,Wisozk Inc - 2404
26,10,"Gorczany, Ullrich and Goyette - 2405"
26,10,Rodriguez and Sons - 2406
26,10,Yost and Sons - 2407
26,10,Schmidt and Sons - 2408
26,10,McDermott Group - 2409
26,10,Schuster - Beatty - 2410
26,10,"Jerde, Doyle and Jast - 2411"
26,10,"Parker, Morissette and Bailey - 2412"
26,10,Morissette Group - 2413
26,10,Von - Runolfsson - 2414
26,10,McCullough - Cormier - 2415
27,10,Zemlak - Kemmer - 2416
27,10,"Purdy, Legros and Heathcote - 2417"
27,10,Schaefer - Schaefer - 2418
27,10,Cronin LLC - 2419
27,10,"Graham, Vandervort and Russel - 2420"
27,10,"Lockman, Mueller and O'Connell - 2421"
27,10,Deckow - Oberbrunner - 2422
27,10,Rohan - Hauck - 2423
27,10,Heaney LLC - 2424
27,10,Jacobs Group - 2425
27,10,Douglas Inc - 2426
27,10,Keeling Group - 2427
27,10,Macejkovic LLC - 2428
27,10,Hudson - White - 2429
27,10,Marvin - Kuvalis - 2430
28,10,"Braun, Ziemann and Stark - 2431"
28,10,"Kulas, Hilpert and Marquardt - 2432"
28,10,Harber Group - 2433
28,10,Leuschke and Sons - 2434
28,10,"Schaefer, Raynor and Schultz - 2435"
28,10,Halvorson - Oberbrunner - 2436
28,10,Bogan - Keebler - 2437
28,10,Barton LLC - 2438
28,10,"Walsh, Satterfield and Marks - 2439"
28,10,Bartoletti - Kreiger - 2440
28,10,Bosco - Schmeler - 2441
28,10,Morissette Group - 2442
28,10,Upton Group - 2443
28,10,"Rempel, Schmeler and Rosenbaum - 2444"
28,10,Rau Inc - 2445
29,10,"Konopelski, Stanton and Pfeffer - 2446"
29,10,"McKenzie, Ortiz and Jast - 2447"
29,10,Schaefer - Cassin - 2448
29,10,"Ratke, Roberts and Collins - 2449"
29,10,Bernier Inc - 2450
29,10,Champlin Group - 2451
29,10,Krajcik - Wilderman - 2452
29,10,"Pollich, Kirlin and Parisian - 2453"
29,10,Harris Group - 2454
29,10,Powlowski Group - 2455
29,10,Murazik and Sons - 2456
29,10,Armstrong - Lockman - 2457
29,10,"Bernhard, Harvey and Boyer - 2458"
29,10,Satterfield and Sons - 2459
29,10,Prosacco - Deckow - 2460
30,10,Gleichner Inc - 2461
30,10,Dicki Inc - 2462
30,10,Bednar Inc - 2463
30,10,"Wyman, Zulauf and Torp - 2464"
30,10,Leffler Inc - 2465
30,10,Gibson Inc - 2466
30,10,Oberbrunner Inc - 2467
30,10,O'Hara LLC - 2468
30,10,Crooks - Johnston - 2469
30,10,O'Hara and Sons - 2470
30,10,Boyle LLC - 2471
30,10,Corkery and Sons - 2472
30,10,Leannon LLC - 2473
30,10,Kreiger LLC - 2474
30,10,O'Keefe Inc - 2475
